time,ax,ay,az,atotal
0.0,0.05,-0.04,-0.54,0.55
0.01,0.05,-0.13,-0.5,0.52
0.02,0.04,-0.18,-0.47,0.51
0.03,0.01,-0.18,-0.48,0.52
0.04,-0.01,-0.12,-0.51,0.53
0.05,-0.02,-0.09,-0.55,0.56
0.06,-0.02,-0.12,-0.58,0.59
0.07,0.01,-0.16,-0.61,0.63
0.08,0.05,-0.18,-0.6,0.63
0.09,0.11,-0.18,-0.57,0.61
0.1,0.19,-0.14,-0.53,0.58
0.109,0.25,-0.06,-0.47,0.53
0.12,0.28,0.0,-0.43,0.51
0.129,0.28,0.04,-0.36,0.46
0.14,0.27,0.09,-0.31,0.42
0.149,0.24,0.14,-0.28,0.4
0.159,0.23,0.27,-0.13,0.38
0.169,0.28,0.38,0.17,0.5
0.18,0.23,0.21,0.49,0.58
0.189,0.16,-0.0,0.75,0.77
0.199,0.11,-0.08,1.08,1.08
0.209,0.07,-0.19,1.39,1.4
0.219,0.03,-0.23,1.63,1.65
0.229,-0.01,-0.26,1.72,1.74
0.239,-0.06,-0.28,1.69,1.71
0.249,-0.09,-0.19,1.49,1.5
0.259,-0.1,-0.25,0.99,1.03
0.269,-0.09,-0.35,0.4,0.54
0.279,-0.02,-0.31,-0.05,0.31
0.289,0.06,-0.23,-0.47,0.53
0.299,0.17,-0.17,-0.84,0.87
0.309,0.25,-0.08,-1.1,1.13
0.319,0.3,-0.03,-1.28,1.31
0.329,0.34,0.01,-1.36,1.4
0.339,0.35,0.1,-1.32,1.37
0.349,0.32,0.13,-1.19,1.24
0.359,0.26,0.1,-0.97,1.01
0.369,0.16,0.04,-0.74,0.75
0.379,0.07,-0.06,-0.49,0.5
0.389,-0.0,-0.12,-0.27,0.3
0.399,-0.07,-0.08,-0.14,0.17
0.408,-0.12,-0.06,-0.07,0.15
0.419,-0.15,-0.1,-0.08,0.2
0.428,-0.16,0.0,-0.17,0.24
0.438,-0.13,0.17,-0.32,0.39
0.448,-0.09,0.16,-0.46,0.49
0.458,-0.04,-0.01,-0.59,0.6
0.468,-0.02,-0.07,-0.73,0.74
0.478,0.01,-0.0,-0.84,0.84
0.488,0.04,0.11,-0.89,0.9
0.498,0.05,0.23,-0.89,0.92
0.508,0.03,0.28,-0.82,0.87
0.518,0.02,0.31,-0.69,0.75
0.528,-0.04,0.3,-0.54,0.62
0.538,-0.07,0.22,-0.39,0.46
0.548,-0.11,0.19,-0.27,0.35
0.558,-0.14,0.21,-0.18,0.31
0.568,-0.17,0.12,-0.1,0.23
0.578,-0.2,-0.07,-0.04,0.22
0.588,-0.21,-0.25,-0.03,0.33
0.598,-0.21,-0.4,-0.05,0.45
0.607,-0.17,-0.45,-0.08,0.49
0.618,-0.1,-0.43,-0.17,0.48
0.628,-0.04,-0.35,-0.26,0.44
0.638,0.02,-0.23,-0.32,0.39
0.647,0.08,-0.12,-0.37,0.4
0.657,0.13,-0.02,-0.38,0.4
0.667,0.13,-0.01,-0.37,0.39
0.677,0.14,0.0,-0.32,0.35
0.687,0.16,0.02,-0.24,0.29
0.697,0.15,0.03,-0.13,0.2
0.707,0.14,0.01,-0.04,0.15
0.717,0.13,-0.02,0.06,0.15
0.727,0.12,-0.01,0.15,0.19
0.737,0.11,0.05,0.19,0.23
0.747,0.09,0.09,0.22,0.26
0.757,0.12,0.07,0.25,0.28
0.767,0.14,0.02,0.26,0.29
0.777,0.16,-0.04,0.26,0.31
0.787,0.19,-0.12,0.22,0.31
0.797,0.2,-0.13,0.18,0.3
0.807,0.22,-0.08,0.14,0.27
0.817,0.24,-0.06,0.08,0.26
0.827,0.25,-0.04,0.05,0.26
0.837,0.24,-0.08,0.06,0.26
0.847,0.24,-0.2,0.07,0.32
0.857,0.23,-0.23,0.07,0.33
0.866,0.23,-0.21,0.11,0.33
0.876,0.22,-0.18,0.14,0.32
0.886,0.22,-0.16,0.18,0.32
0.897,0.21,-0.16,0.2,0.33
0.906,0.22,-0.1,0.2,0.31
0.916,0.22,-0.0,0.19,0.29
0.926,0.25,0.11,0.17,0.32
0.936,0.28,0.17,0.13,0.35
0.946,0.31,0.18,0.09,0.37
0.956,0.33,0.21,0.02,0.39
0.966,0.34,0.26,-0.01,0.43
0.976,0.35,0.32,-0.05,0.48
0.986,0.35,0.26,0.06,0.44
0.997,0.45,-0.07,3.48,3.51
1.006,0.66,0.04,2.28,2.38
1.016,0.73,-0.24,1.87,2.02
1.026,0.72,-0.18,2.23,2.36
1.036,0.24,-0.02,0.34,0.41
1.046,-0.0,-0.34,0.07,0.34
1.056,0.01,-0.31,-0.36,0.47
1.066,0.08,-0.12,-0.73,0.74
1.076,0.07,-0.08,-0.68,0.69
1.086,0.05,-0.13,-0.41,0.43
1.096,-0.02,-0.25,-0.09,0.27
1.106,-0.1,-0.33,0.2,0.39
1.116,-0.15,-0.32,0.55,0.65
1.125,-0.17,-0.27,0.8,0.86
1.135,-0.1,-0.13,0.8,0.82
1.145,0.17,-0.08,0.55,0.58
1.155,0.25,-0.1,0.2,0.33
1.165,0.14,-0.03,-0.34,0.37
1.175,0.08,0.08,-0.73,0.74
1.185,0.1,0.06,-1.0,1.0
1.195,0.13,0.01,-1.19,1.2
1.205,0.17,0.04,-1.33,1.34
1.215,0.23,0.15,-1.34,1.37
1.225,0.42,0.15,-1.35,1.42
1.235,0.61,0.17,-1.19,1.35
1.245,0.45,0.19,-0.29,0.57
1.255,0.11,0.06,0.31,0.34
1.265,-0.29,-0.02,0.3,0.42
1.275,-0.38,-0.1,0.25,0.46
1.285,-0.41,-0.17,0.22,0.49
1.295,-0.34,-0.1,0.06,0.36
1.305,-0.23,-0.08,-0.36,0.44
1.315,-0.2,-0.07,-0.78,0.81
1.324,-0.13,0.08,-0.97,0.98
1.335,-0.11,0.13,-0.92,0.93
1.344,-0.04,0.09,-0.91,0.92
1.355,-0.08,-0.06,-0.92,0.92
1.364,-0.21,-0.16,-0.75,0.79
1.374,-0.28,-0.27,-0.63,0.74
1.384,-0.42,-0.44,-0.57,0.84
1.394,-0.52,-0.51,-0.49,0.88
1.404,-0.15,-0.36,-0.71,0.81
1.414,0.53,-0.24,-0.95,1.11
1.424,0.81,-0.24,-1.15,1.43
1.434,0.88,-0.17,-0.93,1.29
1.444,0.87,-0.17,-0.32,0.95
1.454,0.76,-0.11,0.25,0.81
1.464,0.63,0.0,0.57,0.85
1.474,0.44,0.16,0.87,0.99
1.484,0.52,0.3,0.9,1.08
1.494,0.85,0.35,0.26,0.95
1.504,1.01,0.38,-0.17,1.09
1.514,0.71,0.26,-0.27,0.8
1.524,0.32,0.2,-0.3,0.49
1.534,0.22,0.2,0.06,0.3
1.544,0.27,0.14,0.27,0.41
1.554,0.03,0.01,0.81,0.81
1.564,-0.34,-0.04,1.17,1.22
1.574,-0.58,-0.07,1.22,1.35
1.584,-0.56,-0.01,1.1,1.23
1.594,-0.57,0.03,0.69,0.89
1.603,-0.62,0.07,-0.2,0.65
1.614,-0.67,-0.01,-0.99,1.2
1.623,-0.63,-0.1,-0.86,1.07
1.633,-0.48,-0.23,0.09,0.54
1.643,-0.25,-0.28,0.53,0.65
1.653,-0.15,-0.21,0.65,0.7
1.663,-0.25,-0.06,0.52,0.58
1.673,-0.55,-0.07,0.08,0.56
1.683,-0.75,-0.06,-0.34,0.83
1.693,-0.82,0.04,-0.58,1.01
1.703,-0.72,0.04,-0.59,0.94
1.713,-0.45,0.06,-0.31,0.55
1.723,0.0,0.23,-0.1,0.25
1.733,0.23,0.3,-0.2,0.42
1.743,0.12,0.2,-0.8,0.84
1.753,0.41,0.13,-1.08,1.16
1.763,0.37,0.16,-0.92,1.01
1.773,0.04,0.08,-0.47,0.48
1.783,-0.2,0.06,0.26,0.33
1.793,-0.34,0.03,1.08,1.13
1.803,-0.51,-0.08,1.28,1.38
1.813,-0.61,-0.16,0.55,0.84
1.822,-0.3,-0.18,-0.53,0.64
1.833,0.03,-0.06,-0.91,0.92
1.842,0.22,-0.08,-0.44,0.5
1.853,0.25,-0.03,0.42,0.49
1.862,0.21,0.02,0.75,0.78
1.872,0.16,0.05,0.32,0.36
1.882,0.4,0.08,-0.73,0.83
1.892,0.72,0.05,-1.51,1.68
1.902,0.52,0.02,-1.44,1.53
1.912,-0.18,-0.17,-0.64,0.68
1.922,-0.36,-0.37,0.26,0.58
1.932,-0.83,-0.24,0.92,1.27
1.942,-0.95,-0.12,1.1,1.46
1.952,-0.47,0.02,0.94,1.05
1.962,-0.03,0.21,0.35,0.41
1.972,0.07,0.41,-0.37,0.55
1.982,0.04,0.42,-0.63,0.76
1.992,0.1,0.3,-0.37,0.48
2.002,0.31,0.2,-0.22,0.43
2.012,0.35,-0.07,-0.86,0.93
2.022,0.44,-0.27,-1.51,1.59
2.032,0.56,-0.41,-1.53,1.68
2.042,0.32,-0.36,-1.16,1.25
2.052,-0.02,-0.22,-0.77,0.8
2.061,-0.31,-0.12,-0.44,0.56
2.072,-0.47,0.03,-0.14,0.49
2.082,-0.33,0.2,0.07,0.39
2.091,0.13,0.28,0.08,0.32
2.101,0.54,0.32,-0.07,0.63
2.111,0.59,0.42,-0.26,0.77
2.121,0.39,0.27,-0.21,0.52
2.131,-0.01,0.1,0.17,0.2
2.141,-0.73,-0.04,0.29,0.79
2.151,-1.28,-0.14,0.21,1.3
2.161,-1.35,-0.18,0.1,1.37
2.171,-1.03,-0.26,-0.1,1.07
2.181,-0.63,-0.32,-0.43,0.83
2.191,-0.46,-0.31,-0.79,0.97
2.201,-0.46,-0.21,-1.06,1.17
2.211,-0.61,-0.09,-1.05,1.22
2.221,-0.78,-0.08,-0.86,1.17
2.231,-0.98,-0.14,-0.61,1.16
2.241,-1.24,-0.14,-0.45,1.33
2.251,-1.57,-0.15,-0.44,1.64
2.261,-1.9,-0.2,-0.33,1.94
2.271,-2.03,-0.25,-0.12,2.05
2.281,-1.89,-0.31,0.04,1.92
2.291,-1.71,-0.4,0.06,1.76
2.301,-1.47,-0.42,0.01,1.53
2.31,-1.17,-0.34,0.02,1.22
2.32,-0.8,-0.16,0.19,0.84
2.331,-0.58,-0.04,0.41,0.71
2.34,-0.77,0.01,0.18,0.79
2.35,-1.14,-0.02,-0.14,1.15
2.36,-1.46,-0.15,-0.04,1.47
2.37,-1.61,-0.32,0.22,1.65
2.38,-1.5,-0.43,0.34,1.59
2.39,-1.13,-0.38,0.38,1.26
2.4,-0.58,-0.31,0.39,0.77
2.41,-0.06,-0.26,0.36,0.45
2.42,0.31,-0.23,0.36,0.53
2.43,0.58,-0.22,0.36,0.72
2.44,0.65,-0.24,0.08,0.7
2.45,0.54,-0.27,-0.28,0.67
2.46,0.4,-0.38,-0.32,0.64
2.47,0.31,-0.52,-0.1,0.62
2.48,0.26,-0.67,0.09,0.72
2.49,0.24,-0.77,0.18,0.83
2.5,0.32,-0.85,0.18,0.93
2.51,0.44,-0.87,0.08,0.97
2.52,0.64,-0.77,-0.02,1.0
2.53,0.95,-0.63,-0.05,1.14
2.54,1.16,-0.5,-0.32,1.3
2.55,1.21,-0.5,-0.49,1.4
2.559,1.13,-0.56,-0.44,1.34
2.569,0.9,-0.62,-0.3,1.13
2.579,0.68,-0.63,-0.21,0.95
2.59,0.59,-0.63,-0.15,0.88
2.599,0.59,-0.69,-0.05,0.91
2.609,0.68,-0.69,0.05,0.97
2.619,0.89,-0.75,0.14,1.17
2.629,1.03,-0.73,0.21,1.28
2.639,1.05,-0.6,0.08,1.21
2.649,0.93,-0.43,-0.39,1.09
2.659,0.73,-0.34,-0.57,0.99
2.669,0.5,-0.37,-0.4,0.74
2.679,0.29,-0.52,-0.15,0.61
2.689,0.11,-0.63,0.07,0.64
2.699,-0.05,-0.63,0.19,0.66
2.709,0.0,-0.51,0.24,0.57
2.719,0.33,-0.36,0.3,0.58
2.729,0.73,-0.23,0.36,0.84
2.739,1.02,-0.13,0.39,1.1
2.749,1.16,0.02,0.25,1.19
2.759,1.25,0.11,0.01,1.26
2.769,1.21,0.11,-0.22,1.24
2.779,0.96,0.07,-0.27,0.99
2.789,0.63,-0.1,-0.16,0.66
2.798,0.3,-0.33,-0.06,0.45
2.809,0.13,-0.49,-0.04,0.51
2.818,0.23,-0.54,-0.07,0.59
2.829,0.51,-0.48,-0.17,0.72
2.838,0.86,-0.33,-0.21,0.94
2.848,1.2,-0.19,-0.18,1.23
2.858,1.31,-0.09,-0.26,1.34
2.868,1.16,-0.04,-0.34,1.21
2.878,0.9,-0.06,-0.32,0.95
2.888,0.58,-0.19,-0.2,0.64
2.898,0.39,-0.31,-0.03,0.5
2.908,0.32,-0.37,0.09,0.5
2.918,0.3,-0.39,0.13,0.51
2.928,0.39,-0.29,0.16,0.51
2.938,0.54,-0.17,0.13,0.58
2.948,0.74,-0.08,0.16,0.76
2.958,0.87,-0.01,0.14,0.88
2.968,0.83,0.03,0.06,0.83
2.978,0.77,0.04,0.09,0.78
2.988,0.75,0.07,0.2,0.78
2.998,0.7,0.12,0.23,0.75
3.008,0.67,0.18,0.24,0.73
3.018,0.72,0.17,0.27,0.79
3.028,0.57,0.09,0.21,0.62
3.038,0.26,-0.06,0.04,0.27
3.048,-0.01,-0.14,-0.16,0.21
3.057,-0.01,-0.14,-0.21,0.25
3.067,0.26,-0.08,-0.17,0.32
3.077,0.59,-0.02,-0.13,0.6
3.087,0.8,-0.0,-0.14,0.81
3.097,1.11,0.0,-0.16,1.12
3.107,1.94,0.03,-0.35,1.97
3.117,3.29,0.2,-0.58,3.35
3.127,4.84,0.25,-0.79,4.91
3.137,6.58,0.6,-0.98,6.68
3.147,8.1,0.61,-0.7,8.15
3.157,9.32,0.11,-0.66,9.34
3.167,8.73,0.1,-0.67,8.75
3.177,8.18,-0.48,-0.65,8.22
3.187,7.63,-1.14,-0.59,7.74
3.197,6.97,-1.59,-0.52,7.17
3.207,6.28,-2.03,-0.49,6.62
3.217,5.62,-2.3,-0.49,6.09
3.227,5.02,-2.15,-0.52,5.48
3.237,4.46,-1.96,-0.59,4.91
3.247,3.97,-2.01,-0.72,4.51
3.257,3.62,-1.95,-0.89,4.21
3.267,3.34,-1.99,-1.07,4.03
3.277,3.18,-2.26,-1.26,4.1
3.287,3.1,-2.43,-1.41,4.19
3.296,3.08,-2.41,-1.52,4.19
3.307,3.06,-2.54,-1.55,4.27
3.316,2.98,-2.81,-1.54,4.37
3.326,2.83,-3.23,-1.45,4.53
3.336,2.61,-3.63,-1.32,4.66
3.346,2.28,-3.84,-1.11,4.6
3.356,1.87,-4.1,-0.79,4.57
3.366,1.38,-4.41,-0.42,4.64
3.376,0.83,-4.71,0.04,4.79
3.386,0.21,-4.93,0.5,4.96
3.396,-0.39,-5.12,0.9,5.21
3.406,-1.0,-5.06,1.21,5.29
3.416,-1.56,-5.07,1.49,5.5
3.426,-2.02,-5.07,1.67,5.7
3.436,-2.47,-4.95,1.74,5.8
3.446,-2.85,-4.69,1.77,5.77
3.456,-3.12,-4.48,1.82,5.75
3.466,-3.3,-4.24,1.89,5.69
3.476,-3.43,-4.0,1.94,5.61
3.486,-3.51,-3.68,2.04,5.47
3.496,-3.58,-3.32,2.19,5.35
3.506,-3.61,-2.94,2.43,5.25
3.516,-3.68,-2.71,2.75,5.34
3.526,-3.76,-2.51,3.1,5.48
3.535,-3.84,-2.25,3.41,5.6
3.545,-3.94,-1.95,3.67,5.73
3.555,-4.06,-1.72,3.9,5.89
3.565,-4.17,-1.51,4.12,6.06
3.575,-4.29,-1.41,4.32,6.25
3.585,-4.36,-1.33,4.47,6.39
3.595,-4.39,-1.31,4.52,6.44
3.605,-4.4,-1.23,4.51,6.42
3.615,-4.37,-1.13,4.42,6.32
3.625,-4.29,-0.9,4.26,6.11
3.635,-4.21,-0.71,4.1,5.92
3.645,-4.12,-0.63,3.95,5.75
3.655,-4.03,-0.63,3.82,5.59
3.665,-3.94,-0.59,3.69,5.43
3.675,-3.81,-0.51,3.59,5.25
3.685,-3.69,-0.48,3.49,5.1
3.695,-3.57,-0.53,3.4,4.96
3.705,-3.48,-0.62,3.3,4.83
3.715,-3.4,-0.71,3.19,4.72
3.725,-3.36,-0.86,3.07,4.63
3.735,-3.35,-1.0,2.89,4.53
3.745,-3.37,-1.16,2.67,4.45
3.755,-3.34,-1.35,2.45,4.36
3.765,-3.28,-1.45,2.21,4.21
3.775,-3.14,-1.55,1.95,4.01
3.785,-2.96,-1.69,1.7,3.81
3.794,-2.74,-1.87,1.45,3.62
3.805,-2.49,-2.05,1.2,3.44
3.814,-2.26,-2.26,0.92,3.32
3.824,-2.01,-2.54,0.67,3.31
3.834,-1.78,-2.7,0.36,3.25
3.844,-1.52,-2.7,0.04,3.1
3.854,-1.25,-2.61,-0.24,2.91
3.864,-0.98,-2.58,-0.46,2.8
3.874,-0.7,-2.67,-0.66,2.83
3.884,-0.38,-2.68,-0.81,2.83
3.894,-0.09,-2.75,-0.94,2.91
3.904,0.2,-2.97,-1.06,3.16
3.914,0.48,-3.05,-1.19,3.31
3.924,0.74,-2.98,-1.34,3.35
3.934,1.01,-2.86,-1.49,3.38
3.944,1.29,-2.79,-1.65,3.49
3.954,1.57,-2.65,-1.78,3.56
3.964,1.85,-2.41,-1.91,3.59
3.974,2.13,-2.11,-1.97,3.59
3.984,2.41,-1.74,-2.04,3.6
3.994,2.69,-1.51,-2.07,3.72
4.004,2.95,-1.42,-2.09,3.88
4.014,3.18,-1.29,-2.07,4.01
4.024,3.38,-1.19,-2.05,4.13
4.033,3.54,-1.07,-2.04,4.23
4.044,3.69,-1.01,-2.02,4.33
4.053,3.82,-0.89,-1.99,4.4
4.063,3.98,-0.72,-1.98,4.5
4.073,4.15,-0.58,-1.93,4.61
4.083,4.32,-0.49,-1.85,4.72
4.093,4.5,-0.33,-1.76,4.85
4.103,4.66,-0.26,-1.66,4.96
4.113,4.79,-0.28,-1.55,5.04
4.123,4.89,-0.16,-1.48,5.11
4.133,4.96,-0.05,-1.44,5.16
4.143,4.99,0.06,-1.41,5.19
4.153,5.0,0.21,-1.38,5.19
4.163,5.0,0.31,-1.37,5.19
4.173,4.97,0.32,-1.34,5.16
4.183,4.93,0.32,-1.29,5.11
4.193,4.88,0.34,-1.25,5.05
4.203,4.82,0.33,-1.17,4.97
4.213,4.71,0.3,-1.09,4.84
4.223,4.6,0.14,-1.0,4.71
4.233,4.45,-0.03,-0.95,4.55
4.243,4.28,-0.07,-0.91,4.37
4.252,4.1,-0.14,-0.85,4.19
4.262,3.91,-0.25,-0.8,4.0
4.272,3.71,-0.34,-0.74,3.8
4.283,3.52,-0.48,-0.66,3.62
4.292,3.32,-0.72,-0.58,3.45
4.302,3.1,-0.93,-0.51,3.27
4.312,2.85,-1.15,-0.43,3.1
4.322,2.61,-1.37,-0.37,2.97
4.332,2.34,-1.58,-0.33,2.84
4.342,2.07,-1.67,-0.28,2.68
4.352,1.77,-1.78,-0.22,2.52
4.362,1.47,-2.03,-0.16,2.51
4.372,1.17,-2.23,-0.09,2.52
4.382,0.85,-2.23,0.0,2.38
4.392,0.52,-2.27,0.12,2.33
4.402,0.18,-2.36,0.25,2.39
4.412,-0.16,-2.47,0.38,2.5
4.422,-0.51,-2.53,0.53,2.63
4.432,-0.85,-2.56,0.63,2.77
4.442,-1.16,-2.59,0.73,2.93
4.452,-1.46,-2.64,0.83,3.13
4.462,-1.73,-2.41,0.9,3.1
4.472,-1.95,-2.26,1.0,3.14
4.482,-2.16,-2.16,1.12,3.25
4.492,-2.31,-1.9,1.24,3.24
4.502,-2.43,-1.67,1.4,3.26
4.511,-2.55,-1.54,1.55,3.36
4.522,-2.69,-1.42,1.68,3.47
4.531,-2.83,-1.27,1.79,3.58
4.541,-2.98,-1.09,1.85,3.68
4.551,-3.13,-0.82,1.87,3.74
4.561,-3.29,-0.68,1.92,3.87
4.571,-3.42,-0.59,1.97,3.99
4.581,-3.54,-0.52,2.02,4.11
4.591,-3.62,-0.45,2.09,4.2
4.601,-3.68,-0.43,2.13,4.27
4.611,-3.74,-0.54,2.16,4.35
4.621,-3.79,-0.62,2.16,4.41
4.631,-3.8,-0.58,2.11,4.39
4.641,-3.8,-0.46,2.06,4.35
4.651,-3.8,-0.34,1.96,4.29
4.661,-3.8,-0.28,1.88,4.25
4.671,-3.8,-0.28,1.8,4.22
4.681,-3.77,-0.22,1.72,4.15
4.691,-3.74,-0.16,1.64,4.08
4.701,-3.69,-0.19,1.56,4.01
4.711,-3.62,-0.35,1.48,3.93
4.721,-3.55,-0.61,1.41,3.87
4.731,-3.44,-0.8,1.32,3.77
4.741,-3.28,-0.79,1.22,3.58
4.751,-3.1,-0.73,1.09,3.36
4.761,-2.93,-0.71,0.99,3.17
4.77,-2.77,-0.79,0.91,3.02
4.78,-2.6,-0.97,0.79,2.88
4.79,-2.45,-1.1,0.68,2.77
4.8,-2.28,-1.18,0.54,2.62
4.81,-2.1,-1.17,0.39,2.44
4.82,-1.94,-1.17,0.22,2.27
4.83,-1.76,-1.18,0.08,2.12
4.84,-1.6,-1.25,-0.06,2.03
4.85,-1.43,-1.4,-0.17,2.0
4.86,-1.21,-1.5,-0.28,1.95
4.87,-0.98,-1.51,-0.39,1.84
4.88,-0.76,-1.53,-0.49,1.78
4.89,-0.52,-1.62,-0.6,1.8
4.9,-0.26,-1.66,-0.7,1.82
4.91,-0.01,-1.67,-0.8,1.85
4.92,0.23,-1.57,-0.88,1.81
4.93,0.48,-1.42,-0.95,1.78
4.94,0.73,-1.4,-1.01,1.88
4.95,1.0,-1.41,-1.08,2.04
4.96,1.26,-1.47,-1.14,2.24
4.97,1.52,-1.45,-1.2,2.42
4.98,1.78,-1.42,-1.23,2.59
4.989,2.04,-1.35,-1.29,2.76
4.999,2.27,-1.26,-1.31,2.91
5.009,2.49,-1.15,-1.34,3.05
5.019,2.69,-1.02,-1.34,3.17
5.029,2.88,-0.83,-1.33,3.28
5.039,3.06,-0.72,-1.32,3.41
5.049,3.25,-0.63,-1.28,3.55
5.059,3.43,-0.49,-1.25,3.68
5.069,3.59,-0.32,-1.2,3.8
5.079,3.7,-0.27,-1.19,3.9
5.089,3.82,-0.26,-1.17,4.0
5.099,3.92,-0.24,-1.15,4.09
5.109,3.95,-0.16,-1.17,4.13
5.119,4.0,-0.05,-1.2,4.17
5.129,4.0,0.08,-1.23,4.18
5.139,3.99,0.18,-1.24,4.18
5.149,3.99,0.2,-1.22,4.18
5.159,3.98,0.14,-1.16,4.15
5.169,3.96,0.15,-1.08,4.11
5.179,3.92,0.18,-1.01,4.05
5.189,3.87,0.14,-0.95,3.99
5.199,3.83,0.15,-0.88,3.93
5.209,3.77,0.19,-0.85,3.87
5.219,3.71,0.17,-0.82,3.81
5.228,3.64,0.13,-0.78,3.72
5.239,3.54,0.11,-0.74,3.62
5.248,3.41,0.07,-0.69,3.48
5.258,3.26,0.01,-0.63,3.32
5.268,3.09,-0.11,-0.56,3.14
5.278,2.9,-0.39,-0.48,2.96
5.288,2.7,-0.57,-0.41,2.79
5.298,2.49,-0.65,-0.39,2.61
5.308,2.26,-0.79,-0.36,2.42
5.318,2.02,-0.88,-0.31,2.23
5.328,1.78,-0.96,-0.26,2.04
5.338,1.53,-1.11,-0.16,1.89
5.348,1.28,-1.21,-0.08,1.76
5.358,1.03,-1.21,0.01,1.59
5.368,0.76,-1.32,0.11,1.53
5.378,0.52,-1.51,0.2,1.61
5.388,0.28,-1.6,0.26,1.65
5.398,0.04,-1.61,0.32,1.64
5.408,-0.18,-1.58,0.39,1.64
5.418,-0.43,-1.65,0.45,1.76
5.428,-0.68,-1.72,0.51,1.92
5.438,-0.91,-1.71,0.56,2.01
5.448,-1.13,-1.64,0.64,2.09
5.458,-1.36,-1.53,0.69,2.16
5.468,-1.57,-1.41,0.76,2.24
5.478,-1.79,-1.32,0.84,2.38
5.487,-2.01,-1.34,0.91,2.58
5.497,-2.22,-1.37,0.99,2.79
5.507,-2.39,-1.33,1.07,2.94
5.517,-2.54,-1.19,1.11,3.02
5.527,-2.67,-1.01,1.17,3.09
5.537,-2.79,-0.85,1.25,3.17
5.547,-2.89,-0.74,1.31,3.26
5.557,-2.97,-0.62,1.37,3.33
5.567,-3.06,-0.53,1.44,3.42
5.577,-3.17,-0.41,1.45,3.51
5.587,-3.26,-0.34,1.47,3.59
5.597,-3.35,-0.28,1.45,3.66
5.607,-3.4,-0.06,1.41,3.68
5.617,-3.42,0.09,1.39,3.69
5.627,-3.43,0.13,1.37,3.69
5.637,-3.42,0.18,1.38,3.7
5.647,-3.43,0.12,1.37,3.69
5.657,-3.41,-0.02,1.37,3.68
5.667,-3.42,-0.22,1.35,3.69
5.677,-3.38,-0.38,1.3,3.64
5.687,-3.33,-0.39,1.21,3.56
5.697,-3.27,-0.34,1.1,3.46
5.707,-3.2,-0.47,0.99,3.38
5.717,-3.12,-0.65,0.91,3.31
5.726,-3.01,-0.76,0.84,3.21
5.737,-2.88,-0.84,0.77,3.09
5.746,-2.74,-0.92,0.71,2.98
5.757,-2.59,-1.01,0.63,2.85
5.767,-2.44,-1.04,0.58,2.71
5.776,-2.27,-1.04,0.49,2.55
5.786,-2.09,-1.09,0.4,2.39
5.796,-1.93,-1.16,0.29,2.27
5.806,-1.75,-1.21,0.18,2.13
5.816,-1.56,-1.11,0.09,1.92
5.826,-1.38,-1.06,0.0,1.74
5.836,-1.18,-1.2,-0.07,1.68
5.846,-0.96,-1.38,-0.15,1.69
5.856,-0.74,-1.36,-0.22,1.57
5.866,-0.47,-1.22,-0.31,1.34
5.876,-0.22,-1.12,-0.39,1.2
5.886,0.02,-1.08,-0.46,1.17
5.896,0.25,-1.07,-0.52,1.21
5.906,0.49,-1.04,-0.59,1.29
5.916,0.73,-0.89,-0.64,1.32
5.926,0.97,-0.79,-0.68,1.42
5.936,1.2,-0.79,-0.71,1.6
5.945,1.42,-0.79,-0.73,1.79
5.956,1.66,-0.85,-0.75,2.0
5.965,1.89,-0.89,-0.77,2.23
5.976,2.12,-0.89,-0.82,2.44
5.985,2.36,-0.8,-0.87,2.64
5.995,2.54,-0.77,-0.92,2.81
6.005,2.72,-0.7,-0.97,2.97
6.015,2.88,-0.58,-1.0,3.11
6.025,3.02,-0.48,-1.03,3.23
6.035,3.14,-0.36,-1.07,3.33
6.045,3.21,-0.3,-1.08,3.41
6.055,3.28,-0.22,-1.1,3.47
6.065,3.32,-0.11,-1.11,3.5
6.075,3.33,-0.09,-1.1,3.51
6.085,3.34,-0.07,-1.09,3.51
6.095,3.35,-0.11,-1.07,3.52
6.105,3.38,-0.14,-1.04,3.54
6.115,3.42,-0.12,-1.02,3.57
6.125,3.47,-0.12,-1.01,3.61
6.135,3.53,-0.06,-0.97,3.66
6.145,3.57,0.06,-0.94,3.69
6.155,3.58,0.05,-0.9,3.69
6.165,3.59,0.02,-0.88,3.7
6.175,3.55,0.14,-0.88,3.66
6.185,3.5,0.22,-0.86,3.61
6.195,3.43,0.2,-0.83,3.54
6.204,3.32,0.13,-0.81,3.42
6.215,3.18,0.02,-0.8,3.28
6.224,3.02,-0.11,-0.77,3.12
6.234,2.85,-0.19,-0.73,2.95
6.244,2.66,-0.29,-0.68,2.76
6.254,2.47,-0.4,-0.63,2.58
6.264,2.29,-0.46,-0.56,2.4
6.274,2.08,-0.5,-0.49,2.19
6.284,1.9,-0.57,-0.42,2.03
6.294,1.7,-0.67,-0.37,1.87
6.304,1.49,-0.74,-0.33,1.7
6.314,1.28,-0.82,-0.29,1.55
6.324,1.07,-0.89,-0.27,1.42
6.334,0.86,-0.9,-0.24,1.27
6.344,0.63,-1.0,-0.16,1.19
6.354,0.41,-1.03,-0.1,1.11
6.364,0.18,-1.06,-0.01,1.07
6.374,-0.04,-1.13,0.09,1.14
6.384,-0.28,-1.25,0.18,1.29
6.394,-0.52,-1.38,0.26,1.5
6.404,-0.73,-1.48,0.31,1.68
6.414,-0.94,-1.42,0.34,1.74
6.424,-1.17,-1.4,0.39,1.87
6.434,-1.39,-1.38,0.45,2.01
6.443,-1.57,-1.34,0.51,2.13
6.454,-1.75,-1.22,0.57,2.21
6.463,-1.92,-1.04,0.66,2.28
6.474,-2.08,-0.97,0.75,2.42
6.483,-2.24,-0.97,0.8,2.57
6.493,-2.39,-0.88,0.85,2.69
6.503,-2.52,-0.81,0.89,2.79
6.513,-2.65,-0.77,0.93,2.92
6.523,-2.77,-0.67,0.94,3.0
6.533,-2.87,-0.55,0.99,3.08
6.543,-2.94,-0.47,1.05,3.15
6.553,-3.02,-0.4,1.08,3.23
6.563,-3.07,-0.29,1.11,3.28
6.573,-3.12,-0.25,1.14,3.33
6.583,-3.17,-0.25,1.16,3.38
6.593,-3.2,-0.19,1.17,3.41
6.603,-3.2,-0.1,1.16,3.4
6.613,-3.21,-0.1,1.13,3.4
6.623,-3.21,-0.1,1.12,3.4
6.633,-3.21,-0.12,1.09,3.39
6.643,-3.17,-0.18,1.03,3.34
6.653,-3.13,-0.19,1.0,3.29
6.662,-3.05,-0.14,0.98,3.21
6.673,-2.99,-0.29,0.95,3.15
6.682,-2.9,-0.43,0.94,3.08
6.693,-2.77,-0.47,0.89,2.95
6.702,-2.64,-0.51,0.83,2.81
6.712,-2.48,-0.54,0.75,2.65
6.722,-2.33,-0.57,0.67,2.49
6.732,-2.18,-0.64,0.59,2.34
6.742,-1.99,-0.72,0.49,2.17
6.752,-1.81,-0.68,0.4,1.97
6.762,-1.63,-0.73,0.31,1.82
6.772,-1.45,-0.8,0.22,1.67
6.782,-1.26,-0.8,0.14,1.5
6.792,-1.08,-0.88,0.06,1.39
6.802,-0.91,-0.94,-0.02,1.31
6.812,-0.72,-0.94,-0.1,1.19
6.822,-0.54,-0.95,-0.17,1.11
6.832,-0.36,-0.96,-0.26,1.06
6.842,-0.17,-0.96,-0.34,1.03
6.852,0.04,-0.96,-0.41,1.04
6.862,0.24,-0.96,-0.47,1.09
6.872,0.45,-0.96,-0.5,1.17
6.882,0.68,-0.94,-0.55,1.28
6.892,0.89,-0.84,-0.59,1.36
6.902,1.09,-0.77,-0.62,1.47
6.912,1.29,-0.79,-0.68,1.66
6.921,1.48,-0.82,-0.73,1.84
6.931,1.67,-0.81,-0.8,2.02
6.941,1.83,-0.75,-0.87,2.16
6.952,1.98,-0.68,-0.9,2.28
6.961,2.14,-0.5,-0.94,2.39
6.971,2.27,-0.38,-0.94,2.49
6.981,2.42,-0.38,-0.92,2.61
6.991,2.56,-0.36,-0.91,2.74
7.001,2.69,-0.28,-0.89,2.85
7.011,2.79,-0.17,-0.89,2.94
7.021,2.88,-0.07,-0.9,3.02
7.031,2.94,-0.05,-0.89,3.07
7.041,3.0,-0.03,-0.9,3.14
7.051,3.05,-0.01,-0.89,3.17
7.061,3.07,0.09,-0.9,3.2
7.071,3.1,0.17,-0.91,3.23
7.081,3.12,0.22,-0.88,3.25
7.091,3.11,0.22,-0.85,3.23
7.101,3.11,0.17,-0.83,3.22
7.111,3.09,0.09,-0.78,3.19
7.121,3.05,0.12,-0.76,3.15
7.131,2.98,0.21,-0.74,3.08
7.141,2.95,0.2,-0.69,3.04
7.15,2.9,0.14,-0.66,2.98
7.16,2.85,0.11,-0.63,2.92
7.17,2.8,0.06,-0.55,2.85
7.18,2.73,-0.02,-0.52,2.78
7.191,2.62,-0.04,-0.48,2.67
7.2,2.49,-0.03,-0.46,2.53
7.21,2.36,-0.1,-0.41,2.4
7.22,2.21,-0.25,-0.36,2.26
7.23,2.04,-0.35,-0.35,2.1
7.24,1.87,-0.38,-0.32,1.93
7.25,1.67,-0.47,-0.28,1.76
7.26,1.48,-0.65,-0.26,1.63
7.27,1.3,-0.75,-0.24,1.52
7.28,1.11,-0.76,-0.19,1.35
7.291,0.93,-0.78,-0.14,1.22
7.3,0.74,-0.88,-0.07,1.15
7.31,0.54,-0.93,0.02,1.07
7.32,0.34,-0.97,0.1,1.04
7.33,0.15,-1.02,0.19,1.05
7.34,-0.03,-1.05,0.29,1.09
7.35,-0.23,-1.09,0.38,1.18
7.36,-0.42,-1.12,0.44,1.28
7.37,-0.61,-1.12,0.48,1.37
7.38,-0.8,-1.08,0.53,1.44
7.39,-0.98,-0.95,0.58,1.48
7.4,-1.16,-0.87,0.63,1.58
7.41,-1.33,-0.8,0.66,1.68
7.419,-1.5,-0.71,0.72,1.81
7.429,-1.69,-0.69,0.77,1.98
7.439,-1.85,-0.73,0.81,2.15
7.449,-1.98,-0.74,0.86,2.29
7.459,-2.11,-0.65,0.87,2.37
7.469,-2.22,-0.5,0.88,2.44
7.479,-2.33,-0.38,0.89,2.52
7.489,-2.43,-0.29,0.92,2.61
7.499,-2.52,-0.25,0.94,2.7
7.509,-2.6,-0.27,0.96,2.79
7.519,-2.67,-0.29,1.0,2.87
7.529,-2.72,-0.22,1.01,2.91
7.539,-2.77,-0.2,1.01,2.95
7.549,-2.77,-0.2,1.01,2.96
7.559,-2.75,-0.15,0.99,2.93
7.569,-2.74,-0.07,0.94,2.9
7.579,-2.72,0.02,0.9,2.87
7.589,-2.72,-0.08,0.87,2.85
7.599,-2.72,-0.21,0.82,2.85
7.609,-2.68,-0.26,0.78,2.81
7.619,-2.66,-0.27,0.74,2.77
7.629,-2.61,-0.26,0.69,2.71
7.639,-2.56,-0.28,0.62,2.65
7.649,-2.49,-0.37,0.57,2.58
7.658,-2.39,-0.42,0.52,2.48
7.669,-2.29,-0.39,0.46,2.37
7.678,-2.16,-0.43,0.4,2.24
7.688,-2.05,-0.53,0.33,2.14
7.698,-1.94,-0.58,0.26,2.04
7.708,-1.8,-0.57,0.19,1.9
7.718,-1.65,-0.6,0.11,1.76
7.728,-1.51,-0.62,0.03,1.63
7.738,-1.35,-0.65,-0.04,1.49
7.748,-1.2,-0.65,-0.1,1.36
7.758,-1.02,-0.64,-0.17,1.22
7.768,-0.83,-0.66,-0.24,1.08
7.778,-0.65,-0.63,-0.29,0.95
7.788,-0.46,-0.64,-0.34,0.86
7.798,-0.27,-0.7,-0.39,0.85
7.808,-0.09,-0.75,-0.43,0.87
7.818,0.1,-0.81,-0.47,0.94
7.828,0.26,-0.85,-0.52,1.03
7.838,0.43,-0.95,-0.57,1.18
7.848,0.61,-0.92,-0.63,1.27
7.858,0.81,-0.76,-0.66,1.3
7.868,1.0,-0.71,-0.7,1.41
7.878,1.2,-0.73,-0.75,1.59
7.888,1.39,-0.79,-0.76,1.77
7.897,1.58,-0.73,-0.79,1.91
7.908,1.74,-0.62,-0.81,2.02
7.917,1.89,-0.53,-0.81,2.12
7.927,2.02,-0.44,-0.82,2.23
7.937,2.13,-0.38,-0.83,2.31
7.947,2.19,-0.36,-0.87,2.39
7.957,2.26,-0.28,-0.9,2.45
7.967,2.31,-0.15,-0.9,2.49
7.977,2.36,-0.08,-0.94,2.54
7.987,2.43,-0.05,-0.94,2.61
7.997,2.54,0.01,-0.93,2.7
8.007,2.64,0.09,-0.92,2.8
8.017,2.73,0.13,-0.89,2.87
8.027,2.83,0.14,-0.87,2.96
8.037,2.9,0.11,-0.87,3.03
8.047,2.95,0.1,-0.89,3.08
8.057,2.95,0.11,-0.9,3.08
8.067,2.94,0.14,-0.91,3.08
8.077,2.94,0.13,-0.9,3.08
8.087,2.94,0.09,-0.89,3.07
8.097,2.93,0.11,-0.83,3.05
8.107,2.9,0.12,-0.76,3.0
8.117,2.85,0.06,-0.7,2.94
8.127,2.77,0.03,-0.62,2.84
8.137,2.68,0.09,-0.55,2.74
8.146,2.59,0.14,-0.46,2.63
8.156,2.5,0.09,-0.38,2.53
8.167,2.4,-0.0,-0.29,2.41
8.176,2.27,-0.14,-0.21,2.28
8.186,2.14,-0.25,-0.15,2.16
8.196,1.98,-0.32,-0.12,2.01
8.206,1.82,-0.34,-0.08,1.85
8.216,1.63,-0.42,-0.06,1.68
8.226,1.42,-0.51,-0.05,1.51
8.236,1.21,-0.55,-0.02,1.33
8.246,1.02,-0.59,0.02,1.18
8.256,0.82,-0.7,0.07,1.08
8.266,0.63,-0.8,0.12,1.03
8.276,0.4,-0.85,0.19,0.96
8.286,0.18,-0.84,0.24,0.9
8.296,-0.05,-0.91,0.29,0.95
8.306,-0.25,-0.94,0.35,1.04
8.316,-0.43,-0.92,0.38,1.09
8.326,-0.62,-0.85,0.41,1.13
8.336,-0.79,-0.86,0.45,1.25
8.346,-0.96,-0.91,0.47,1.4
8.356,-1.13,-0.88,0.5,1.51
8.366,-1.27,-0.81,0.53,1.6
8.375,-1.41,-0.74,0.51,1.68
8.386,-1.53,-0.61,0.54,1.73
8.395,-1.65,-0.56,0.58,1.84
8.406,-1.74,-0.53,0.65,1.94
8.415,-1.85,-0.49,0.71,2.04
8.425,-1.96,-0.4,0.75,2.13
8.435,-2.04,-0.31,0.78,2.2
8.445,-2.16,-0.28,0.8,2.32
8.455,-2.27,-0.21,0.83,2.42
8.465,-2.35,-0.17,0.85,2.5
8.475,-2.4,-0.21,0.86,2.56
8.485,-2.44,-0.21,0.85,2.59
8.495,-2.45,-0.14,0.82,2.58
8.505,-2.46,-0.03,0.78,2.58
8.515,-2.49,0.04,0.71,2.59
8.525,-2.54,0.01,0.65,2.62
8.535,-2.57,-0.1,0.6,2.64
8.545,-2.61,-0.17,0.53,2.67
8.555,-2.61,-0.19,0.49,2.66
8.565,-2.59,-0.23,0.46,2.64
8.575,-2.55,-0.24,0.42,2.59
8.585,-2.49,-0.19,0.4,2.53
8.595,-2.41,-0.19,0.39,2.45
8.605,-2.31,-0.2,0.38,2.35
8.615,-2.22,-0.25,0.36,2.26
8.625,-2.13,-0.23,0.29,2.16
8.634,-2.05,-0.2,0.23,2.07
8.645,-1.98,-0.27,0.16,2.0
8.654,-1.91,-0.35,0.06,1.94
8.664,-1.83,-0.38,-0.01,1.87
8.674,-1.71,-0.47,-0.08,1.78
8.684,-1.59,-0.57,-0.16,1.7
8.694,-1.45,-0.64,-0.24,1.61
8.704,-1.31,-0.63,-0.28,1.48
8.714,-1.15,-0.58,-0.33,1.34
8.724,-1.0,-0.57,-0.41,1.22
8.734,-0.83,-0.58,-0.46,1.11
8.744,-0.66,-0.66,-0.5,1.06
8.754,-0.49,-0.69,-0.55,1.01
8.764,-0.33,-0.68,-0.57,0.95
8.774,-0.14,-0.76,-0.6,0.98
8.784,0.06,-0.82,-0.62,1.03
8.794,0.26,-0.78,-0.64,1.04
8.804,0.45,-0.75,-0.64,1.08
8.814,0.63,-0.81,-0.66,1.22
8.824,0.78,-0.86,-0.69,1.35
8.833,0.95,-0.81,-0.72,1.44
8.844,1.09,-0.65,-0.75,1.47
8.853,1.22,-0.52,-0.79,1.55
8.863,1.33,-0.48,-0.77,1.61
8.873,1.45,-0.44,-0.75,1.69
8.883,1.56,-0.4,-0.71,1.77
8.893,1.67,-0.31,-0.66,1.82
8.903,1.78,-0.17,-0.59,1.88
8.913,1.87,-0.13,-0.55,1.96
8.923,1.97,-0.15,-0.48,2.03
8.933,2.05,-0.17,-0.45,2.11
8.943,2.12,-0.11,-0.44,2.16
8.953,2.19,-0.02,-0.42,2.23
8.963,2.25,0.04,-0.43,2.29
8.973,2.32,0.03,-0.42,2.36
8.983,2.38,-0.04,-0.42,2.42
8.993,2.43,-0.03,-0.41,2.47
9.003,2.49,0.04,-0.39,2.52
9.013,2.53,0.06,-0.36,2.56
9.023,2.54,0.08,-0.32,2.57
9.033,2.53,0.08,-0.27,2.54
9.043,2.54,0.0,-0.24,2.55
9.053,2.52,-0.01,-0.2,2.53
9.063,2.5,-0.02,-0.18,2.51
9.073,2.45,-0.06,-0.16,2.46
9.083,2.42,-0.09,-0.13,2.43
9.092,2.37,-0.09,-0.09,2.38
9.103,2.29,-0.06,-0.05,2.29
9.112,2.21,-0.06,0.01,2.21
9.123,2.15,-0.13,0.08,2.15
9.132,2.04,-0.19,0.14,2.05
9.142,1.93,-0.23,0.19,1.95
9.152,1.81,-0.22,0.22,1.84
9.162,1.68,-0.22,0.23,1.71
9.172,1.54,-0.25,0.23,1.58
9.182,1.39,-0.26,0.26,1.44
9.192,1.23,-0.31,0.26,1.29
9.202,1.06,-0.33,0.28,1.14
9.212,0.9,-0.35,0.3,1.01
9.222,0.73,-0.31,0.32,0.86
9.232,0.58,-0.26,0.35,0.72
9.242,0.4,-0.31,0.39,0.64
9.252,0.23,-0.42,0.41,0.63
9.262,0.08,-0.53,0.45,0.7
9.272,-0.08,-0.57,0.45,0.73
9.282,-0.23,-0.56,0.45,0.75
9.292,-0.39,-0.62,0.46,0.86
9.302,-0.53,-0.64,0.46,0.95
9.312,-0.66,-0.58,0.45,0.98
9.322,-0.78,-0.51,0.47,1.04
9.332,-0.92,-0.46,0.48,1.13
9.342,-1.03,-0.45,0.51,1.24
9.351,-1.14,-0.5,0.54,1.36
9.362,-1.26,-0.46,0.57,1.45
9.371,-1.38,-0.4,0.59,1.56
9.381,-1.5,-0.41,0.57,1.66
9.391,-1.62,-0.42,0.55,1.76
9.401,-1.74,-0.34,0.52,1.85
9.411,-1.88,-0.28,0.48,1.96
9.421,-1.98,-0.26,0.47,2.05
9.431,-2.09,-0.33,0.46,2.17
9.441,-2.18,-0.38,0.43,2.25
9.451,-2.23,-0.33,0.43,2.3
9.461,-2.26,-0.25,0.42,2.31
9.471,-2.27,-0.22,0.4,2.31
9.481,-2.28,-0.24,0.39,2.33
9.491,-2.28,-0.26,0.36,2.32
9.501,-2.26,-0.22,0.33,2.29
9.511,-2.24,-0.16,0.28,2.26
9.521,-2.22,-0.14,0.23,2.24
9.531,-2.21,-0.14,0.2,2.22
9.541,-2.18,-0.07,0.16,2.19
9.551,-2.15,-0.05,0.13,2.15
9.561,-2.1,-0.07,0.11,2.1
9.571,-2.04,-0.1,0.05,2.04
9.58,-1.99,-0.1,-0.01,1.99
9.59,-1.92,-0.15,-0.06,1.93
9.601,-1.84,-0.14,-0.11,1.85
9.61,-1.73,-0.09,-0.17,1.74
9.62,-1.61,-0.13,-0.21,1.63
9.63,-1.49,-0.18,-0.22,1.52
9.64,-1.37,-0.22,-0.23,1.41
9.65,-1.25,-0.27,-0.24,1.3
9.66,-1.11,-0.37,-0.25,1.2
9.67,-0.98,-0.41,-0.28,1.09
9.68,-0.85,-0.36,-0.32,0.98
9.69,-0.72,-0.33,-0.37,0.88
9.7,-0.6,-0.36,-0.41,0.81
9.71,-0.47,-0.34,-0.48,0.75
9.72,-0.36,-0.36,-0.51,0.72
9.73,-0.26,-0.44,-0.53,0.74
9.74,-0.14,-0.52,-0.58,0.79
9.75,-0.01,-0.6,-0.59,0.84
9.76,0.12,-0.61,-0.59,0.86
9.77,0.24,-0.52,-0.6,0.83
9.78,0.38,-0.5,-0.56,0.85
9.79,0.51,-0.51,-0.54,0.9
9.8,0.65,-0.48,-0.52,0.96
9.809,0.8,-0.44,-0.47,1.03
9.82,0.95,-0.35,-0.46,1.11
9.829,1.07,-0.27,-0.42,1.19
9.84,1.2,-0.25,-0.41,1.3
9.849,1.32,-0.23,-0.42,1.41
9.859,1.43,-0.14,-0.43,1.5
9.869,1.52,-0.04,-0.44,1.58
9.879,1.61,-0.0,-0.45,1.67
9.889,1.68,0.01,-0.46,1.74
9.899,1.74,0.01,-0.45,1.8
9.909,1.79,-0.0,-0.46,1.85
9.919,1.85,0.01,-0.43,1.9
9.929,1.9,-0.01,-0.42,1.95
9.939,1.95,-0.02,-0.37,1.98
9.949,1.97,-0.11,-0.32,2.0
9.959,2.0,-0.2,-0.28,2.03
9.969,1.98,-0.15,-0.24,2.0
9.979,1.98,-0.08,-0.21,1.99
9.989,1.96,-0.06,-0.19,1.97
9.999,1.94,-0.07,-0.17,1.95
10.009,1.9,-0.06,-0.17,1.91
10.019,1.89,-0.02,-0.16,1.9
10.029,1.86,0.01,-0.14,1.86
10.039,1.81,0.07,-0.11,1.82
10.049,1.8,0.1,-0.08,1.81
10.059,1.79,0.11,-0.03,1.79
10.068,1.75,0.06,0.02,1.75
10.078,1.73,0.0,0.07,1.73
10.088,1.68,-0.05,0.11,1.69
10.098,1.64,-0.04,0.14,1.65
10.108,1.57,-0.03,0.15,1.58
10.118,1.5,-0.03,0.16,1.51
10.128,1.43,-0.1,0.18,1.44
10.138,1.31,-0.13,0.19,1.33
10.148,1.2,-0.19,0.19,1.23
10.158,1.08,-0.17,0.2,1.11
10.168,0.94,-0.11,0.21,0.97
10.178,0.81,-0.12,0.2,0.84
10.188,0.66,-0.13,0.21,0.71
10.198,0.52,-0.12,0.23,0.59
10.208,0.41,-0.12,0.25,0.5
10.218,0.28,-0.11,0.26,0.4
10.228,0.15,-0.1,0.28,0.33
10.238,0.01,-0.12,0.3,0.32
10.248,-0.12,-0.06,0.31,0.34
10.258,-0.24,-0.05,0.34,0.42
10.268,-0.38,-0.13,0.37,0.54
10.278,-0.51,-0.29,0.41,0.72
10.288,-0.62,-0.51,0.45,0.91
10.298,-0.73,-0.65,0.44,1.07
10.307,-0.84,-0.7,0.42,1.17
10.317,-0.93,-0.71,0.39,1.23
10.328,-1.01,-0.71,0.34,1.28
10.337,-1.09,-0.69,0.3,1.32
10.347,-1.2,-0.63,0.25,1.37
10.357,-1.29,-0.58,0.21,1.43
10.367,-1.4,-0.59,0.18,1.54
10.377,-1.49,-0.52,0.2,1.59
10.387,-1.56,-0.43,0.23,1.64
10.397,-1.62,-0.38,0.27,1.68
10.407,-1.65,-0.37,0.3,1.72
10.417,-1.66,-0.27,0.36,1.72
10.427,-1.65,-0.26,0.39,1.72
10.437,-1.65,-0.24,0.4,1.71
10.447,-1.63,-0.24,0.42,1.7
10.457,-1.63,-0.19,0.4,1.69
10.467,-1.64,-0.15,0.38,1.69
10.477,-1.61,-0.11,0.31,1.65
10.487,-1.57,0.02,0.25,1.59
10.497,-1.54,0.12,0.21,1.56
10.507,-1.52,0.06,0.18,1.53
10.517,-1.5,-0.04,0.13,1.51
10.526,-1.5,-0.06,0.08,1.5
10.537,-1.5,-0.08,0.04,1.5
10.546,-1.49,-0.14,0.02,1.5
10.557,-1.48,-0.16,-0.01,1.49
10.566,-1.43,-0.14,-0.03,1.44
10.576,-1.37,-0.1,-0.06,1.37
10.586,-1.29,-0.08,-0.1,1.3
10.596,-1.21,-0.04,-0.13,1.21
10.606,-1.11,-0.04,-0.14,1.12
10.616,-1.01,-0.1,-0.16,1.03
10.626,-0.89,-0.13,-0.2,0.92
10.636,-0.77,-0.03,-0.24,0.8
10.646,-0.68,0.02,-0.29,0.74
10.656,-0.58,0.04,-0.32,0.66
10.666,-0.49,0.04,-0.36,0.61
10.676,-0.39,0.02,-0.37,0.54
10.686,-0.3,-0.15,-0.38,0.51
10.696,-0.2,-0.29,-0.4,0.53
10.706,-0.08,-0.27,-0.41,0.5
10.716,0.03,-0.1,-0.43,0.44
10.726,0.15,-0.0,-0.41,0.44
10.736,0.26,-0.07,-0.37,0.46
10.746,0.34,-0.07,-0.32,0.48
10.756,0.43,-0.04,-0.3,0.52
10.765,0.49,-0.03,-0.27,0.56
10.776,0.54,-0.09,-0.24,0.6
10.785,0.6,-0.13,-0.26,0.66
10.795,0.65,-0.09,-0.27,0.71
10.805,0.73,-0.02,-0.3,0.79
10.815,0.8,-0.05,-0.33,0.87
10.825,0.87,-0.11,-0.36,0.95
10.835,0.93,-0.11,-0.38,1.01
10.845,0.96,0.05,-0.35,1.02
10.855,0.97,0.05,-0.29,1.01
10.865,0.97,-0.12,-0.23,1.0
10.875,0.97,-0.23,-0.19,1.02
10.885,0.99,-0.15,-0.17,1.01
10.895,0.99,-0.0,-0.17,1.01
10.905,1.02,0.03,-0.19,1.04
10.915,1.05,0.16,-0.19,1.08
10.925,1.07,0.24,-0.19,1.11
10.935,1.08,0.18,-0.17,1.11
10.945,1.1,0.1,-0.14,1.12
10.955,1.08,0.09,-0.13,1.09
10.965,1.05,0.17,-0.13,1.07
10.975,1.01,0.26,-0.12,1.05
10.985,0.94,0.21,-0.1,0.96
10.995,0.88,0.08,-0.08,0.88
11.004,0.82,0.01,-0.07,0.82
11.015,0.75,0.05,-0.07,0.76
11.025,0.68,0.09,-0.08,0.69
11.035,0.61,0.07,-0.09,0.62
11.044,0.55,0.03,-0.1,0.56
11.054,0.49,0.01,-0.11,0.5
11.064,0.45,0.04,-0.12,0.47
11.074,0.44,0.05,-0.12,0.46
11.084,0.42,-0.06,-0.13,0.45
11.094,0.43,-0.08,-0.14,0.46
11.104,0.43,-0.02,-0.15,0.46
11.114,0.44,-0.09,-0.15,0.47
11.124,0.46,-0.12,-0.16,0.51
11.134,0.48,-0.02,-0.17,0.51
11.144,0.49,0.11,-0.18,0.53
11.154,0.46,0.14,-0.16,0.51
11.164,0.44,0.12,-0.13,0.47
11.174,0.41,0.14,-0.11,0.44
11.184,0.39,0.16,-0.1,0.43
11.194,0.32,0.07,-0.08,0.34
11.204,0.26,-0.03,-0.07,0.27
11.214,0.21,-0.11,-0.08,0.25
11.224,0.17,-0.18,-0.08,0.26
11.234,0.14,-0.3,-0.06,0.33
11.244,0.11,-0.39,-0.06,0.41
11.254,0.08,-0.43,-0.05,0.44
11.263,0.06,-0.44,-0.06,0.45
11.273,0.05,-0.39,-0.06,0.4
11.283,0.05,-0.29,-0.08,0.31
11.293,0.04,-0.21,-0.05,0.22
11.303,0.02,-0.17,-0.05,0.18
11.314,-0.0,-0.08,-0.02,0.08
11.323,-0.04,0.03,0.02,0.05
11.333,-0.08,0.03,0.05,0.1
11.343,-0.14,-0.01,0.09,0.17
11.353,-0.19,-0.09,0.13,0.24
11.363,-0.24,-0.11,0.17,0.31
11.373,-0.26,-0.18,0.19,0.37
11.383,-0.3,-0.3,0.21,0.48
11.393,-0.33,-0.37,0.24,0.55
11.403,-0.35,-0.42,0.22,0.59
11.413,-0.36,-0.47,0.22,0.63
11.423,-0.35,-0.5,0.22,0.65
11.433,-0.33,-0.45,0.19,0.59
11.443,-0.34,-0.33,0.19,0.51
11.453,-0.36,-0.26,0.19,0.48
11.463,-0.37,-0.33,0.2,0.54
11.473,-0.37,-0.34,0.23,0.55
11.483,-0.37,-0.29,0.29,0.55
11.493,-0.38,-0.31,0.3,0.57
11.502,-0.39,-0.31,0.31,0.59
11.513,-0.38,-0.23,0.31,0.54
11.522,-0.38,-0.11,0.32,0.51
11.533,-0.37,-0.04,0.33,0.5
11.542,-0.34,0.05,0.34,0.48
11.552,-0.29,0.13,0.37,0.49
11.562,-0.24,0.22,0.39,0.51
11.572,-0.21,0.35,0.38,0.56
11.582,-0.17,0.39,0.38,0.57
11.592,-0.13,0.4,0.37,0.56
11.602,-0.08,0.47,0.34,0.59
11.612,-0.04,0.6,0.3,0.67
11.622,-0.0,0.57,0.25,0.63
11.632,0.05,0.39,0.22,0.45
11.642,0.09,0.26,0.21,0.34
11.652,0.13,0.22,0.15,0.29
11.662,0.16,0.12,0.12,0.23
11.672,0.17,0.02,0.1,0.2
11.682,0.16,-0.09,0.09,0.2
11.692,0.11,0.05,0.07,0.14
11.702,0.05,0.19,0.07,0.21
11.712,-0.03,0.2,0.09,0.22
11.722,-0.09,0.17,0.14,0.24
11.732,-0.15,0.06,0.19,0.25
11.741,-0.18,-0.06,0.23,0.3
11.751,-0.21,-0.08,0.26,0.34
11.761,-0.21,-0.12,0.28,0.37
11.771,-0.21,-0.14,0.27,0.37
11.781,-0.19,0.04,0.23,0.3
11.791,-0.14,0.13,0.21,0.29
11.801,-0.12,0.07,0.19,0.24
11.811,-0.09,-0.02,0.16,0.19
11.821,-0.09,-0.06,0.14,0.18
11.831,-0.07,-0.13,0.15,0.21
11.841,0.3,-0.26,1.78,1.82
11.851,0.87,-0.41,4.29,4.4
11.861,0.25,-0.42,1.21,1.3
11.871,-0.09,-0.53,-0.29,0.61
11.881,-0.13,-0.61,-0.66,0.9
11.891,-0.23,-0.65,-0.58,0.9
11.901,-0.65,-0.75,1.31,1.64
11.911,-0.35,-0.24,-0.2,0.47
11.921,-0.41,-0.21,-0.33,0.57
11.931,-0.34,-0.02,-0.44,0.56
11.941,-0.26,-0.1,0.0,0.28
11.951,-0.31,-0.27,0.7,0.81
11.96,-0.26,-0.19,0.91,0.97
11.971,-0.15,-0.08,0.48,0.5
11.98,-0.15,-0.1,0.02,0.18
11.991,-0.23,-0.12,-0.26,0.37
12.0,-0.35,-0.2,-0.29,0.5
12.01,-0.59,-0.26,0.0,0.64
12.02,-1.05,-0.21,0.19,1.09
12.03,-1.74,-0.24,-0.18,1.76
12.04,-2.17,-0.4,-0.72,2.32
12.05,-2.39,-0.66,-0.96,2.66
12.06,-2.65,-0.7,-0.65,2.81
12.07,-2.72,-0.73,0.89,2.96
12.08,-2.73,-0.92,2.21,3.63
12.09,-2.89,-1.1,1.96,3.67
12.1,-3.0,-1.21,1.62,3.62
12.11,-2.67,-1.17,1.24,3.17
12.12,-2.12,-1.04,0.1,2.37
12.13,-1.52,-0.79,0.23,1.73
12.14,-1.03,-0.53,0.26,1.19
12.15,-0.66,-0.42,-0.09,0.78
12.16,-0.46,-0.36,-0.44,0.73
12.17,-0.4,-0.43,-0.57,0.82
12.18,-0.46,-0.64,-0.48,0.92
12.19,-0.65,-0.69,-0.43,1.04
12.2,-0.7,-0.62,-0.5,1.06
12.21,-0.57,-0.55,-0.49,0.93
12.219,-0.46,-0.45,-0.39,0.76
12.23,-0.18,-0.42,-0.19,0.5
12.239,0.1,-0.48,-0.33,0.59
12.249,0.37,-0.49,-0.64,0.89
12.259,0.55,-0.41,-1.08,1.28
12.269,0.29,-0.4,-1.43,1.52
12.279,0.01,-0.65,-1.53,1.66
12.289,0.29,-0.68,-1.63,1.79
12.299,0.96,-0.45,-1.78,2.07
12.309,1.64,-0.39,-1.7,2.39
12.319,2.11,-0.32,-1.27,2.49
12.329,2.47,-0.22,-0.86,2.62
12.339,2.69,-0.31,-0.92,2.86
12.349,2.7,-0.46,-1.2,2.99
12.359,2.39,-0.43,-1.23,2.72
12.369,1.99,-0.48,-1.06,2.31
12.379,1.92,-0.6,-0.89,2.2
12.389,2.24,-0.65,-0.85,2.48
12.399,2.54,-0.59,-0.94,2.78
12.409,2.54,-0.46,-0.82,2.71
12.419,2.36,-0.46,-0.49,2.46
12.429,2.29,-0.52,-0.39,2.38
12.439,2.23,-0.47,-0.51,2.33
12.449,2.07,-0.4,-0.59,2.18
12.458,1.74,-0.46,-0.53,1.87
12.469,1.4,-0.59,-0.41,1.57
12.478,1.32,-0.62,-0.35,1.5
12.488,1.68,-0.43,-0.23,1.75
12.498,1.82,-0.26,0.03,1.84
12.508,1.6,-0.21,0.36,1.65
12.518,1.35,-0.17,0.43,1.43
12.528,1.14,-0.11,0.18,1.16
12.538,1.02,-0.1,-0.1,1.03
12.548,0.87,-0.06,-0.23,0.91
12.558,0.65,0.02,-0.18,0.67
12.568,0.33,0.14,-0.19,0.4
12.578,0.16,0.15,-0.34,0.4
12.588,0.11,0.07,-0.37,0.39
12.598,0.02,-0.06,-0.17,0.18
12.608,-0.12,-0.16,-0.01,0.2
12.618,-0.23,-0.17,0.07,0.3
12.628,-0.21,-0.2,0.1,0.31
12.638,-0.22,-0.23,0.15,0.35
12.648,-0.32,-0.19,0.21,0.43
12.658,-0.39,-0.18,0.39,0.58
12.668,-0.3,-0.12,0.38,0.5
12.678,-0.21,-0.07,0.28,0.35
12.688,-0.26,-0.19,0.27,0.42
12.697,-0.32,-0.44,0.23,0.59
12.707,-0.19,-0.46,0.08,0.5
12.717,0.01,-0.2,-0.02,0.2
12.728,0.21,-0.14,0.02,0.26
12.737,0.42,-0.18,0.02,0.46
12.747,0.5,-0.09,-0.02,0.5
12.757,0.48,0.01,-0.13,0.49
12.767,0.34,0.11,-0.26,0.44
12.777,0.12,0.15,-0.33,0.38
12.787,-0.05,0.14,-0.38,0.41
12.797,-0.08,0.11,-0.36,0.38
12.807,-0.0,0.04,-0.26,0.26
12.817,0.06,-0.08,-0.1,0.14
12.827,0.11,-0.12,0.03,0.16
12.837,0.07,-0.09,0.04,0.12
12.847,-0.05,-0.11,-0.05,0.13
12.857,-0.11,-0.15,-0.16,0.25
12.867,-0.11,-0.13,-0.19,0.26
12.877,-0.04,-0.05,-0.18,0.19
12.887,0.08,0.0,-0.12,0.15
12.897,0.2,0.02,-0.05,0.2
12.907,0.27,0.04,-0.0,0.27
12.917,0.33,0.04,0.06,0.34
12.927,0.4,-0.05,0.07,0.41
12.936,0.42,0.01,0.09,0.43
12.947,0.48,0.1,0.16,0.51
12.957,0.41,0.09,0.18,0.45
12.967,0.26,0.07,0.25,0.37
12.976,0.08,0.04,0.29,0.31
12.986,-0.08,0.04,0.22,0.24
12.996,-0.15,0.07,0.11,0.2
13.006,-0.16,0.12,-0.03,0.2
13.016,-0.09,0.22,-0.13,0.27
13.026,-0.04,0.26,-0.19,0.33
13.036,-0.0,0.23,-0.24,0.33
13.046,0.06,0.13,-0.29,0.32
13.056,0.17,0.07,-0.21,0.28
13.066,0.29,0.02,-0.13,0.32
13.076,0.44,0.0,-0.07,0.44
13.086,0.57,0.08,0.0,0.58
13.096,0.65,0.15,0.01,0.66
13.106,0.57,0.12,-0.1,0.59
13.116,0.45,0.06,-0.22,0.5
13.126,0.29,-0.0,-0.31,0.43
13.136,0.13,-0.1,-0.37,0.41
13.146,0.1,-0.05,-0.34,0.35
13.156,0.14,0.02,-0.22,0.26
13.166,0.23,0.05,-0.14,0.27
13.176,0.26,0.07,-0.13,0.3
13.186,0.35,0.12,-0.14,0.4
13.195,0.36,0.14,-0.16,0.42
13.205,0.3,0.13,-0.29,0.44
13.215,0.2,0.06,-0.39,0.44
13.225,0.11,0.05,-0.44,0.46
13.235,0.04,0.12,-0.47,0.49
13.245,0.05,0.16,-0.37,0.41
13.255,0.03,0.17,-0.22,0.28
13.265,0.05,0.19,-0.11,0.22
13.275,0.08,0.18,0.01,0.2
13.285,0.08,0.17,0.07,0.2
13.295,0.03,0.11,0.17,0.2
13.305,0.05,0.06,0.38,0.38
13.315,0.05,0.13,0.47,0.5
13.325,0.02,0.11,0.4,0.42
13.335,0.02,-0.02,0.25,0.25
13.345,0.13,0.02,0.12,0.18
13.355,0.09,0.11,0.06,0.15
13.365,0.02,0.14,-0.03,0.14
13.375,-0.1,0.13,-0.14,0.21
13.385,-0.24,0.04,-0.13,0.28
13.395,-0.3,-0.05,0.01,0.3
13.405,-0.28,-0.17,0.26,0.42
13.415,-0.32,-0.29,0.41,0.59
13.425,-0.29,-0.21,0.26,0.44
13.434,-0.08,-0.11,-0.03,0.14
13.444,0.02,-0.07,-0.16,0.18
13.454,0.0,-0.08,-0.09,0.13
13.464,-0.03,-0.06,-0.05,0.09
13.474,0.08,0.1,0.16,0.21
13.484,0.16,-0.01,-0.04,0.16
13.494,-0.06,-0.17,-0.38,0.41
13.504,-0.12,-0.11,-0.32,0.36
13.514,0.08,-0.0,-0.14,0.16
13.524,0.29,0.04,-0.01,0.3
13.534,0.36,0.1,0.01,0.37
13.544,0.33,0.16,-0.02,0.37
13.554,0.19,0.11,-0.01,0.22
13.564,0.05,0.04,0.07,0.09
13.574,0.0,0.0,0.04,0.04
13.584,0.05,0.02,-0.01,0.05
13.594,0.12,0.03,0.05,0.13
13.604,0.12,0.06,-0.05,0.15
13.614,0.2,0.04,-0.19,0.28
13.624,0.35,0.12,-0.07,0.37
13.634,0.37,0.04,-0.26,0.45
13.644,0.13,0.08,-0.51,0.53
13.653,0.01,0.15,-0.45,0.47
13.664,-0.0,0.1,-0.4,0.41
13.673,0.01,0.03,-0.35,0.35
13.683,0.1,-0.03,-0.2,0.22
13.693,0.19,-0.03,-0.06,0.21
13.703,0.24,-0.01,-0.0,0.24
13.713,0.19,-0.02,-0.03,0.19
13.723,0.05,-0.06,-0.13,0.15
13.733,0.05,-0.02,-0.13,0.14
13.743,0.07,0.13,-0.02,0.15
13.753,0.0,0.07,-0.17,0.18
13.763,-0.15,0.06,-0.28,0.32
13.773,-0.27,0.1,-0.31,0.42
13.783,-0.24,0.06,-0.3,0.39
13.793,-0.15,0.08,-0.22,0.28
13.803,-0.02,0.13,-0.16,0.21
13.813,0.11,0.13,-0.18,0.25
13.823,0.19,0.1,-0.22,0.3
13.833,0.26,0.08,-0.17,0.32
13.843,0.4,0.18,-0.08,0.44
13.853,0.49,0.07,-0.03,0.49
13.863,0.27,-0.03,0.14,0.31
13.873,-0.0,0.03,0.08,0.09
13.883,-0.18,0.05,0.16,0.24
13.892,-0.43,0.07,0.26,0.51
13.902,-0.72,0.07,0.23,0.76
13.913,-0.79,-0.07,0.23,0.82
13.922,-0.61,-0.17,0.13,0.65
13.932,-0.23,-0.15,0.17,0.32
13.942,0.07,-0.06,0.31,0.32
13.952,0.27,-0.07,0.19,0.34
13.962,0.45,-0.06,-0.02,0.46
13.972,0.49,-0.0,-0.09,0.49
13.982,0.35,-0.01,-0.09,0.36
13.992,0.18,-0.05,-0.12,0.22
14.002,0.08,-0.08,-0.14,0.18
14.012,0.08,-0.07,-0.07,0.13
14.022,0.13,-0.02,0.02,0.13
14.032,0.17,-0.07,0.13,0.23
14.042,0.17,-0.08,0.17,0.25
14.052,0.11,-0.06,0.1,0.16
14.062,0.05,-0.03,0.01,0.06
14.072,-0.08,0.06,-0.06,0.12
14.082,-0.18,0.13,-0.17,0.28
14.092,-0.18,0.14,-0.29,0.37
14.102,-0.04,0.14,-0.37,0.4
14.112,0.14,0.11,-0.35,0.39
14.122,0.24,0.05,-0.24,0.34
14.131,0.31,-0.01,-0.2,0.37
14.142,0.39,-0.04,-0.27,0.48
14.151,0.53,-0.04,-0.22,0.57
14.161,0.65,-0.05,-0.16,0.68
14.171,0.55,-0.05,-0.33,0.64
14.181,0.54,-0.19,-0.59,0.83
14.191,0.82,-0.36,-0.82,1.21
14.201,1.21,-0.45,-1.07,1.68
14.211,2.14,-0.36,-1.3,2.53
14.221,3.46,-0.1,-1.34,3.71
14.231,5.32,-0.24,-1.49,5.53
14.241,6.21,-0.28,-2.1,6.56
14.251,6.35,-0.09,-2.56,6.85
14.261,6.58,0.02,-2.95,7.22
14.271,6.8,-0.18,-3.1,7.48
14.281,6.84,-0.38,-2.98,7.47
14.291,6.81,-0.44,-2.85,7.4
14.301,6.72,-0.54,-2.76,7.29
14.311,6.53,-0.86,-2.69,7.12
14.321,6.23,-1.08,-2.62,6.85
14.331,5.85,-1.39,-2.52,6.52
14.341,5.43,-1.96,-2.45,6.27
14.35,4.94,-2.37,-2.32,5.95
14.361,4.46,-2.42,-2.17,5.52
14.37,3.95,-2.63,-2.03,5.16
14.381,3.44,-3.2,-1.88,5.07
14.39,2.93,-3.58,-1.71,4.93
14.4,2.44,-3.75,-1.54,4.73
14.41,1.98,-4.11,-1.33,4.75
14.42,1.56,-4.35,-1.13,4.76
14.43,1.19,-4.46,-0.9,4.7
14.44,0.87,-4.44,-0.69,4.57
14.45,0.54,-4.54,-0.48,4.6
14.46,0.24,-4.57,-0.24,4.58
14.47,-0.04,-4.52,0.01,4.52
14.48,-0.37,-4.43,0.27,4.45
14.49,-0.75,-4.23,0.55,4.34
14.5,-1.2,-4.33,0.8,4.56
14.51,-1.65,-4.55,1.02,4.95
14.52,-2.09,-4.51,1.19,5.11
14.53,-2.5,-4.58,1.35,5.39
14.54,-2.88,-4.63,1.51,5.66
14.55,-3.21,-4.58,1.66,5.83
14.56,-3.53,-4.53,1.8,6.02
14.57,-3.81,-4.34,1.92,6.08
14.58,-4.11,-4.17,2.0,6.19
14.59,-4.39,-4.16,2.09,6.4
14.6,-4.64,-4.1,2.17,6.57
14.61,-4.86,-3.71,2.23,6.51
14.62,-5.04,-3.16,2.28,6.37
14.629,-5.17,-2.72,2.38,6.31
14.639,-5.28,-2.3,2.51,6.29
14.649,-5.38,-1.98,2.63,6.3
14.659,-5.47,-1.84,2.72,6.38
14.669,-5.6,-1.85,2.82,6.54
14.679,-5.71,-1.68,2.89,6.61
14.689,-5.76,-1.37,2.88,6.58
14.699,-5.79,-0.97,2.84,6.52
14.709,-5.83,-0.65,2.81,6.51
14.719,-5.89,-0.54,2.77,6.53
14.729,-5.94,-0.46,2.71,6.54
14.739,-5.97,-0.45,2.66,6.55
14.749,-5.99,-0.53,2.58,6.54
14.759,-5.96,-0.68,2.46,6.48
14.769,-5.89,-0.84,2.34,6.39
14.779,-5.75,-0.99,2.19,6.23
14.789,-5.57,-1.04,2.02,6.01
14.799,-5.34,-1.08,1.85,5.75
14.809,-5.08,-1.16,1.69,5.48
14.819,-4.82,-1.26,1.55,5.22
14.829,-4.56,-1.47,1.42,5.0
14.839,-4.28,-1.8,1.33,4.83
14.848,-4.01,-2.13,1.23,4.7
14.859,-3.7,-2.42,1.1,4.56
14.868,-3.38,-2.71,0.96,4.44
14.879,-3.05,-2.87,0.78,4.26
14.888,-2.74,-3.04,0.58,4.13
14.898,-2.42,-3.25,0.38,4.07
14.908,-2.08,-3.41,0.18,4.0
14.918,-1.74,-3.57,0.0,3.97
14.928,-1.37,-3.7,-0.19,3.95
14.938,-1.01,-3.76,-0.37,3.91
14.948,-0.65,-3.86,-0.56,3.96
14.958,-0.28,-4.01,-0.77,4.09
14.968,0.09,-4.07,-0.95,4.18
14.978,0.47,-4.05,-1.14,4.24
14.988,0.88,-3.98,-1.26,4.27
14.998,1.29,-3.85,-1.35,4.28
15.008,1.68,-3.69,-1.41,4.29
15.018,2.04,-3.5,-1.45,4.3
15.028,2.38,-3.34,-1.52,4.37
15.038,2.7,-3.05,-1.58,4.37
15.048,3.02,-2.59,-1.64,4.3
15.058,3.29,-2.22,-1.7,4.32
15.068,3.54,-2.06,-1.76,4.46
15.078,3.75,-1.98,-1.83,4.62
15.088,3.94,-1.78,-1.87,4.71
15.098,4.12,-1.49,-1.9,4.78
15.107,4.35,-1.14,-1.92,4.88
15.118,4.57,-0.79,-1.87,5.0
15.127,4.77,-0.59,-1.79,5.13
15.137,4.97,-0.54,-1.72,5.29
15.147,5.15,-0.55,-1.62,5.43
15.157,5.3,-0.45,-1.54,5.54
15.167,5.42,-0.34,-1.49,5.64
15.177,5.53,-0.35,-1.47,5.73
15.187,5.59,-0.4,-1.47,5.8
15.197,5.61,-0.33,-1.49,5.82
15.207,5.62,-0.27,-1.53,5.83
15.217,5.6,-0.26,-1.57,5.83
15.227,5.55,-0.1,-1.6,5.77
15.237,5.49,0.09,-1.6,5.72
15.247,5.46,0.15,-1.54,5.67
15.257,5.43,0.14,-1.46,5.62
15.267,5.37,0.15,-1.35,5.54
15.277,5.28,0.07,-1.25,5.43
15.287,5.15,-0.04,-1.15,5.28
15.297,4.98,-0.07,-1.09,5.1
15.306,4.8,-0.13,-1.04,4.92
15.317,4.61,-0.22,-1.02,4.73
15.327,4.41,-0.37,-0.96,4.52
15.337,4.18,-0.5,-0.92,4.3
15.347,3.93,-0.72,-0.85,4.09
15.356,3.68,-0.94,-0.76,3.88
15.366,3.42,-1.1,-0.68,3.65
15.377,3.12,-1.28,-0.6,3.43
15.386,2.83,-1.48,-0.52,3.23
15.396,2.53,-1.6,-0.46,3.03
15.406,2.22,-1.74,-0.4,2.85
15.416,1.91,-1.92,-0.31,2.73
15.426,1.57,-2.1,-0.21,2.63
15.436,1.25,-2.22,-0.14,2.55
15.446,0.94,-2.25,-0.01,2.44
15.456,0.64,-2.27,0.1,2.36
15.466,0.35,-2.34,0.26,2.38
15.476,0.04,-2.42,0.41,2.46
15.486,-0.26,-2.44,0.53,2.51
15.496,-0.56,-2.31,0.65,2.47
15.506,-0.88,-2.31,0.75,2.59
15.516,-1.2,-2.34,0.82,2.75
15.526,-1.53,-2.32,0.84,2.9
15.536,-1.86,-2.29,0.87,3.08
15.546,-2.18,-2.17,0.91,3.2
15.556,-2.46,-1.96,1.01,3.31
15.566,-2.75,-1.95,1.13,3.55
15.576,-3.02,-2.0,1.28,3.84
15.586,-3.27,-1.99,1.39,4.07
15.596,-3.51,-1.99,1.46,4.29
15.605,-3.7,-1.95,1.49,4.44
15.615,-3.87,-1.82,1.47,4.52
15.625,-4.0,-1.57,1.43,4.52
15.635,-4.13,-1.33,1.38,4.56
15.645,-4.22,-1.0,1.34,4.54
15.655,-4.31,-0.79,1.33,4.58
15.665,-4.39,-0.78,1.39,4.67
15.675,-4.45,-0.82,1.45,4.75
15.685,-4.52,-0.81,1.5,4.83
15.695,-4.58,-0.72,1.52,4.88
15.705,-4.63,-0.58,1.5,4.9
15.715,-4.7,-0.56,1.45,4.95
15.725,-4.75,-0.63,1.38,4.99
15.735,-4.78,-0.82,1.3,5.03
15.745,-4.79,-1.02,1.23,5.05
15.755,-4.72,-1.03,1.14,4.96
15.765,-4.63,-0.94,1.05,4.84
15.775,-4.5,-0.78,0.98,4.67
15.785,-4.37,-0.77,0.94,4.53
15.795,-4.22,-0.87,0.91,4.41
15.805,-4.06,-0.99,0.88,4.27
15.815,-3.87,-1.03,0.88,4.1
15.825,-3.69,-1.12,0.82,3.94
15.834,-3.48,-1.15,0.73,3.74
15.844,-3.29,-1.07,0.6,3.51
15.854,-3.09,-1.16,0.47,3.34
15.864,-2.89,-1.33,0.35,3.2
15.874,-2.65,-1.51,0.27,3.07
15.884,-2.4,-1.67,0.19,2.93
15.894,-2.12,-1.71,0.11,2.73
15.904,-1.83,-1.74,0.05,2.53
15.914,-1.55,-1.84,-0.02,2.4
15.924,-1.26,-1.9,-0.11,2.28
15.934,-0.97,-1.92,-0.21,2.16
15.944,-0.66,-1.87,-0.29,2.0
15.954,-0.34,-1.8,-0.38,1.87
15.964,-0.02,-1.83,-0.46,1.89
15.974,0.3,-1.93,-0.53,2.02
15.984,0.62,-2.04,-0.61,2.21
15.994,0.93,-2.08,-0.67,2.38
16.003,1.23,-2.11,-0.75,2.55
16.014,1.5,-2.1,-0.86,2.72
16.023,1.75,-1.99,-0.96,2.81
16.034,1.99,-1.8,-1.04,2.87
16.044,2.22,-1.6,-1.08,2.94
16.053,2.47,-1.42,-1.1,3.05
16.064,2.7,-1.29,-1.08,3.18
16.073,2.96,-1.24,-1.06,3.38
16.083,3.16,-1.18,-1.07,3.54
16.093,3.37,-1.1,-1.06,3.7
16.103,3.52,-1.02,-1.1,3.83
16.113,3.66,-0.91,-1.14,3.94
16.123,3.76,-0.76,-1.17,4.01
16.133,3.89,-0.57,-1.19,4.1
16.143,4.02,-0.4,-1.16,4.2
16.153,4.16,-0.26,-1.12,4.32
16.163,4.29,-0.11,-1.06,4.42
16.173,4.41,-0.03,-1.02,4.53
16.183,4.52,0.05,-0.97,4.62
16.193,4.6,0.09,-0.95,4.7
16.203,4.64,0.08,-0.94,4.74
16.213,4.65,0.09,-0.98,4.75
16.223,4.63,0.24,-1.0,4.75
16.233,4.58,0.42,-1.03,4.71
16.243,4.53,0.51,-1.0,4.66
16.253,4.46,0.48,-0.96,4.59
16.263,4.39,0.38,-0.9,4.49
16.273,4.28,0.23,-0.82,4.36
16.283,4.16,0.16,-0.77,4.24
16.293,4.01,0.12,-0.73,4.08
16.302,3.85,-0.0,-0.69,3.91
16.313,3.69,-0.16,-0.67,3.76
16.322,3.51,-0.3,-0.64,3.58
16.332,3.32,-0.38,-0.58,3.4
16.342,3.11,-0.48,-0.52,3.19
16.352,2.9,-0.67,-0.45,3.01
16.362,2.71,-0.91,-0.36,2.88
16.372,2.48,-1.12,-0.31,2.74
16.382,2.26,-1.32,-0.26,2.63
16.392,1.99,-1.46,-0.23,2.48
16.402,1.73,-1.52,-0.21,2.31
16.412,1.45,-1.56,-0.2,2.14
16.422,1.17,-1.52,-0.15,1.93
16.432,0.87,-1.54,-0.1,1.78
16.442,0.59,-1.65,-0.03,1.75
16.452,0.3,-1.71,0.05,1.73
16.462,0.01,-1.76,0.15,1.77
16.472,-0.27,-1.78,0.28,1.83
16.482,-0.53,-1.75,0.41,1.87
16.492,-0.78,-1.73,0.53,1.97
16.502,-1.04,-1.77,0.66,2.15
16.512,-1.27,-1.8,0.75,2.32
16.522,-1.5,-1.72,0.83,2.43
16.532,-1.75,-1.67,0.86,2.57
16.541,-1.97,-1.68,0.9,2.74
16.552,-2.19,-1.62,0.95,2.88
16.561,-2.38,-1.52,0.98,2.99
16.571,-2.55,-1.41,1.04,3.09
16.581,-2.7,-1.31,1.1,3.2
16.591,-2.82,-1.22,1.18,3.29
16.601,-2.95,-1.1,1.26,3.39
16.611,-3.05,-1.0,1.32,3.48
16.621,-3.18,-0.89,1.35,3.57
16.631,-3.31,-0.75,1.37,3.65
16.641,-3.44,-0.63,1.38,3.76
16.651,-3.57,-0.59,1.38,3.87
16.661,-3.64,-0.49,1.39,3.93
16.671,-3.71,-0.33,1.4,3.97
16.681,-3.76,-0.23,1.4,4.01
16.691,-3.8,-0.29,1.4,4.06
16.701,-3.82,-0.3,1.4,4.08
16.711,-3.83,-0.28,1.37,4.07
16.721,-3.83,-0.34,1.31,4.07
16.731,-3.84,-0.29,1.22,4.04
16.741,-3.83,-0.31,1.12,4.0
16.751,-3.81,-0.42,1.04,3.97
16.76,-3.75,-0.47,0.97,3.9
16.77,-3.67,-0.54,0.91,3.82
16.78,-3.56,-0.61,0.85,3.71
16.79,-3.41,-0.55,0.78,3.54
16.8,-3.27,-0.54,0.7,3.39
16.81,-3.14,-0.63,0.61,3.26
16.82,-3.03,-0.68,0.51,3.14
16.831,-2.86,-0.73,0.43,2.99
16.84,-2.71,-0.85,0.35,2.86
16.85,-2.55,-0.98,0.29,2.75
16.86,-2.35,-1.07,0.21,2.59
16.87,-2.13,-1.13,0.14,2.42
16.88,-1.91,-1.15,0.05,2.23
16.89,-1.68,-1.2,-0.05,2.07
16.9,-1.42,-1.24,-0.16,1.89
16.91,-1.17,-1.24,-0.25,1.72
16.92,-0.94,-1.29,-0.32,1.63
16.93,-0.69,-1.37,-0.42,1.59
16.94,-0.45,-1.44,-0.49,1.58
16.95,-0.19,-1.47,-0.56,1.58
16.96,0.07,-1.49,-0.62,1.61
16.97,0.36,-1.47,-0.68,1.66
16.98,0.64,-1.42,-0.77,1.74
16.99,0.89,-1.39,-0.84,1.85
17.0,1.13,-1.38,-0.93,2.01
17.01,1.33,-1.31,-1.0,2.12
17.019,1.55,-1.27,-1.07,2.28
17.03,1.75,-1.33,-1.15,2.48
17.039,1.96,-1.25,-1.19,2.61
17.049,2.15,-1.07,-1.23,2.7
17.059,2.33,-0.99,-1.24,2.82
17.069,2.54,-0.96,-1.25,2.99
17.079,2.73,-0.82,-1.24,3.11
17.089,2.93,-0.69,-1.22,3.24
17.099,3.07,-0.57,-1.22,3.36
17.109,3.21,-0.37,-1.22,3.46
17.119,3.31,-0.18,-1.2,3.53
17.129,3.43,-0.1,-1.17,3.63
17.139,3.54,0.01,-1.16,3.73
17.149,3.62,0.05,-1.13,3.79
17.159,3.69,0.06,-1.1,3.85
17.169,3.75,0.11,-1.06,3.89
17.179,3.78,0.09,-1.04,3.92
17.189,3.8,0.15,-1.0,3.93
17.199,3.81,0.23,-0.98,3.94
17.209,3.79,0.16,-0.96,3.92
17.219,3.76,0.15,-0.93,3.88
17.229,3.72,0.23,-0.91,3.84
17.238,3.66,0.28,-0.89,3.78
17.249,3.6,0.26,-0.83,3.7
17.259,3.53,0.17,-0.77,3.62
17.269,3.45,0.05,-0.69,3.52
17.278,3.38,-0.07,-0.63,3.44
17.288,3.28,-0.14,-0.57,3.33
17.298,3.17,-0.22,-0.52,3.22
17.308,3.02,-0.32,-0.48,3.07
17.318,2.86,-0.37,-0.46,2.92
17.328,2.67,-0.41,-0.42,2.73
17.338,2.47,-0.49,-0.35,2.54
17.348,2.27,-0.63,-0.31,2.37
17.358,2.05,-0.75,-0.23,2.2
17.368,1.84,-0.85,-0.13,2.03
17.378,1.63,-0.99,-0.06,1.9
17.388,1.4,-1.13,0.0,1.79
17.398,1.14,-1.19,0.07,1.65
17.408,0.89,-1.22,0.12,1.51
17.418,0.64,-1.26,0.18,1.42
17.428,0.38,-1.28,0.26,1.36
17.438,0.12,-1.32,0.34,1.37
17.448,-0.1,-1.32,0.45,1.4
17.458,-0.33,-1.35,0.56,1.5
17.468,-0.55,-1.44,0.66,1.68
17.478,-0.75,-1.46,0.75,1.8
17.488,-0.95,-1.37,0.8,1.86
17.498,-1.15,-1.3,0.86,1.94
17.508,-1.35,-1.25,0.91,2.05
17.517,-1.53,-1.16,0.94,2.14
17.527,-1.72,-1.13,0.99,2.29
17.537,-1.91,-1.13,1.04,2.45
17.547,-2.07,-1.09,1.09,2.58
17.557,-2.22,-1.06,1.16,2.72
17.567,-2.37,-1.04,1.21,2.85
17.577,-2.49,-0.97,1.25,2.95
17.587,-2.59,-0.81,1.27,3.0
17.597,-2.73,-0.68,1.27,3.09
17.607,-2.86,-0.59,1.29,3.2
17.617,-3.0,-0.49,1.28,3.3
17.627,-3.11,-0.39,1.27,3.39
17.637,-3.23,-0.3,1.29,3.49
17.647,-3.3,-0.19,1.28,3.55
17.657,-3.39,-0.2,1.27,3.62
17.667,-3.46,-0.18,1.26,3.68
17.677,-3.48,-0.12,1.22,3.69
17.687,-3.49,-0.1,1.2,3.69
17.697,-3.47,0.01,1.16,3.66
17.707,-3.43,-0.01,1.1,3.6
17.717,-3.4,-0.13,1.05,3.56
17.727,-3.32,-0.15,0.96,3.46
17.736,-3.23,-0.18,0.87,3.35
17.746,-3.13,-0.2,0.78,3.23
17.756,-3.03,-0.29,0.69,3.12
17.766,-2.93,-0.43,0.6,3.02
17.776,-2.84,-0.55,0.52,2.94
17.786,-2.72,-0.72,0.45,2.85
17.796,-2.59,-0.89,0.39,2.77
17.806,-2.44,-1.05,0.3,2.67
17.816,-2.29,-1.13,0.21,2.56
17.826,-2.13,-1.24,0.11,2.47
17.836,-1.97,-1.33,-0.0,2.38
17.846,-1.8,-1.38,-0.13,2.27
17.856,-1.63,-1.35,-0.24,2.12
17.866,-1.45,-1.2,-0.33,1.91
17.876,-1.25,-1.21,-0.39,1.78
17.886,-1.05,-1.26,-0.45,1.7
17.896,-0.85,-1.25,-0.48,1.58
17.906,-0.64,-1.24,-0.53,1.49
17.916,-0.41,-1.25,-0.56,1.43
17.926,-0.16,-1.22,-0.61,1.37
17.936,0.1,-1.16,-0.68,1.35
17.946,0.35,-1.11,-0.74,1.38
17.955,0.6,-1.01,-0.8,1.42
17.966,0.85,-0.92,-0.86,1.52
17.975,1.07,-0.86,-0.91,1.64
17.986,1.29,-0.77,-0.93,1.77
17.995,1.51,-0.69,-0.96,1.92
18.005,1.72,-0.59,-0.97,2.06
18.015,1.92,-0.51,-0.98,2.22
18.025,2.13,-0.54,-0.97,2.4
18.035,2.32,-0.53,-0.97,2.57
18.045,2.52,-0.44,-0.94,2.72
18.055,2.7,-0.33,-0.94,2.88
18.065,2.87,-0.3,-0.92,3.03
18.075,3.03,-0.36,-0.92,3.19
18.085,3.16,-0.42,-0.92,3.31
18.095,3.23,-0.35,-0.92,3.38
18.105,3.31,-0.18,-0.93,3.45
18.115,3.4,-0.07,-0.95,3.53
18.125,3.45,0.02,-0.94,3.57
18.135,3.49,0.06,-0.9,3.6
18.145,3.51,0.06,-0.88,3.62
18.155,3.53,0.1,-0.85,3.63
18.165,3.51,0.15,-0.82,3.61
18.175,3.46,0.22,-0.77,3.55
18.185,3.44,0.17,-0.71,3.52
18.195,3.4,0.04,-0.68,3.47
18.205,3.33,0.04,-0.65,3.4
18.215,3.28,0.02,-0.6,3.33
18.224,3.19,-0.04,-0.56,3.24
18.234,3.11,-0.04,-0.52,3.15
18.244,3.01,-0.07,-0.49,3.05
18.254,2.92,-0.11,-0.4,2.95
18.265,2.82,-0.17,-0.32,2.84
18.274,2.72,-0.27,-0.25,2.75
18.284,2.61,-0.33,-0.16,2.64
18.294,2.48,-0.29,-0.1,2.49
18.304,2.32,-0.3,-0.03,2.34
18.314,2.14,-0.35,0.02,2.17
18.324,1.97,-0.46,0.07,2.02
18.334,1.78,-0.59,0.12,1.88
18.344,1.56,-0.69,0.15,1.71
18.354,1.34,-0.76,0.16,1.55
18.364,1.13,-0.8,0.2,1.4
18.374,0.88,-0.83,0.24,1.23
18.384,0.64,-0.86,0.3,1.11
18.394,0.43,-0.91,0.37,1.07
18.404,0.21,-1.04,0.44,1.15
18.414,-0.0,-1.09,0.5,1.2
18.424,-0.23,-1.1,0.53,1.24
18.434,-0.43,-1.07,0.56,1.28
18.444,-0.61,-1.01,0.61,1.33
18.453,-0.83,-0.98,0.66,1.44
18.464,-1.02,-0.98,0.72,1.59
18.473,-1.2,-0.99,0.77,1.74
18.484,-1.38,-0.99,0.83,1.89
18.493,-1.54,-0.93,0.88,2.01
18.503,-1.72,-0.89,0.93,2.15
18.513,-1.89,-0.89,0.97,2.3
18.523,-2.06,-0.88,0.99,2.45
18.533,-2.23,-0.92,1.01,2.61
18.543,-2.35,-0.96,0.99,2.72
18.553,-2.47,-0.84,0.99,2.79
18.563,-2.58,-0.63,0.95,2.82
18.573,-2.7,-0.52,0.96,2.91
18.583,-2.79,-0.51,1.0,3.0
18.593,-2.86,-0.47,1.04,3.08
18.603,-2.93,-0.4,1.07,3.14
18.613,-2.99,-0.3,1.1,3.2
18.623,-3.03,-0.3,1.1,3.24
18.633,-3.08,-0.25,1.09,3.28
18.643,-3.11,-0.2,1.05,3.29
18.653,-3.16,-0.25,1.0,3.32
18.663,-3.17,-0.34,0.93,3.32
18.672,-3.16,-0.35,0.85,3.29
18.683,-3.12,-0.36,0.78,3.23
18.692,-3.06,-0.37,0.69,3.15
18.703,-3.0,-0.37,0.6,3.08
18.712,-2.95,-0.36,0.5,3.02
18.722,-2.89,-0.36,0.43,2.94
18.732,-2.8,-0.4,0.35,2.85
18.742,-2.72,-0.49,0.3,2.78
18.752,-2.61,-0.6,0.25,2.69
18.762,-2.46,-0.67,0.19,2.56
18.772,-2.32,-0.69,0.13,2.42
18.782,-2.15,-0.71,0.07,2.26
18.792,-1.97,-0.74,0.01,2.1
18.802,-1.79,-0.74,-0.06,1.94
18.812,-1.6,-0.78,-0.12,1.78
18.822,-1.42,-0.92,-0.18,1.7
18.832,-1.22,-0.96,-0.26,1.57
18.842,-1.02,-0.92,-0.35,1.42
18.852,-0.81,-0.91,-0.42,1.29
18.862,-0.61,-0.87,-0.48,1.17
18.872,-0.43,-0.86,-0.54,1.1
18.882,-0.24,-0.91,-0.6,1.12
18.892,-0.06,-0.93,-0.66,1.14
18.902,0.14,-0.88,-0.71,1.14
18.912,0.33,-0.83,-0.74,1.16
18.921,0.53,-0.8,-0.77,1.23
18.931,0.74,-0.78,-0.78,1.33
18.941,0.95,-0.74,-0.8,1.45
18.951,1.17,-0.75,-0.83,1.62
18.962,1.37,-0.75,-0.84,1.77
18.971,1.57,-0.62,-0.84,1.89
18.981,1.76,-0.51,-0.82,2.01
18.991,1.93,-0.53,-0.8,2.15
19.001,2.08,-0.54,-0.79,2.29
19.011,2.22,-0.54,-0.77,2.41
19.021,2.38,-0.46,-0.77,2.54
19.031,2.49,-0.32,-0.77,2.63
19.041,2.63,-0.24,-0.76,2.75
19.051,2.74,-0.21,-0.73,2.85
19.061,2.85,-0.11,-0.71,2.94
19.071,2.96,-0.02,-0.69,3.05
19.081,3.04,-0.02,-0.66,3.11
19.091,3.11,-0.0,-0.64,3.18
19.101,3.15,0.04,-0.63,3.21
19.111,3.17,0.06,-0.63,3.23
19.121,3.18,0.09,-0.61,3.24
19.131,3.16,0.11,-0.6,3.22
19.141,3.15,0.11,-0.57,3.2
19.15,3.13,0.13,-0.52,3.17
19.161,3.11,0.17,-0.45,3.15
19.17,3.1,0.16,-0.37,3.12
19.18,3.06,0.2,-0.3,3.08
19.19,3.02,0.2,-0.22,3.03
19.201,2.96,0.12,-0.15,2.97
19.21,2.9,0.04,-0.11,2.9
19.221,2.81,0.03,-0.09,2.81
19.23,2.72,0.01,-0.07,2.72
19.24,2.6,-0.05,-0.05,2.6
19.25,2.45,-0.2,-0.07,2.45
19.26,2.3,-0.34,-0.04,2.32
19.27,2.13,-0.42,-0.01,2.18
19.28,1.96,-0.42,0.03,2.0
19.29,1.77,-0.47,0.05,1.83
19.3,1.58,-0.56,0.1,1.68
19.31,1.39,-0.7,0.17,1.56
19.32,1.2,-0.83,0.21,1.47
19.33,1.0,-0.83,0.25,1.33
19.34,0.81,-0.84,0.27,1.2
19.35,0.62,-0.89,0.3,1.13
19.36,0.44,-0.94,0.34,1.09
19.37,0.24,-0.91,0.36,1.0
19.38,0.03,-0.89,0.39,0.97
19.389,-0.15,-0.86,0.43,0.97
19.4,-0.36,-0.86,0.49,1.06
19.409,-0.54,-0.91,0.53,1.18
19.42,-0.73,-0.91,0.59,1.3
19.429,-0.88,-0.85,0.6,1.36
19.439,-1.05,-0.83,0.61,1.47
19.449,-1.21,-0.75,0.63,1.56
19.459,-1.39,-0.7,0.63,1.68
19.469,-1.57,-0.7,0.66,1.84
19.479,-1.73,-0.69,0.69,1.98
19.489,-1.9,-0.7,0.73,2.15
19.499,-2.06,-0.7,0.74,2.3
19.509,-2.19,-0.66,0.78,2.42
19.519,-2.35,-0.66,0.78,2.56
19.529,-2.48,-0.61,0.77,2.67
19.539,-2.61,-0.55,0.77,2.77
19.549,-2.72,-0.57,0.77,2.89
19.559,-2.83,-0.55,0.75,2.98
19.569,-2.91,-0.48,0.74,3.04
19.579,-2.98,-0.44,0.73,3.1
19.589,-3.03,-0.39,0.72,3.13
19.599,-3.04,-0.29,0.72,3.14
19.609,-3.05,-0.22,0.7,3.14
19.619,-3.05,-0.25,0.69,3.14
19.629,-3.03,-0.28,0.68,3.12
19.639,-3.01,-0.3,0.64,3.09
19.649,-2.98,-0.22,0.6,3.05
19.659,-2.94,-0.24,0.54,3.0
19.669,-2.87,-0.31,0.47,2.93
19.678,-2.8,-0.34,0.43,2.85
19.688,-2.7,-0.35,0.37,2.75
19.698,-2.57,-0.4,0.31,2.62
19.708,-2.44,-0.43,0.25,2.49
19.718,-2.3,-0.44,0.18,2.35
19.728,-2.17,-0.43,0.14,2.22
19.738,-2.02,-0.37,0.07,2.05
19.748,-1.89,-0.43,0.02,1.93
19.758,-1.75,-0.56,-0.03,1.84
19.768,-1.61,-0.62,-0.09,1.73
19.778,-1.45,-0.64,-0.14,1.59
19.788,-1.29,-0.67,-0.18,1.46
19.798,-1.14,-0.66,-0.23,1.34
19.808,-0.94,-0.7,-0.27,1.2
19.818,-0.76,-0.75,-0.32,1.12
19.828,-0.58,-0.75,-0.35,1.01
19.838,-0.42,-0.76,-0.38,0.95
19.848,-0.24,-0.79,-0.43,0.93
19.858,-0.07,-0.79,-0.48,0.92
19.868,0.12,-0.76,-0.53,0.93
19.878,0.32,-0.72,-0.55,0.96
19.887,0.52,-0.68,-0.57,1.03
19.898,0.73,-0.67,-0.57,1.14
19.907,0.91,-0.64,-0.58,1.25
19.918,1.09,-0.57,-0.57,1.36
19.927,1.27,-0.57,-0.56,1.5
19.937,1.42,-0.57,-0.58,1.64
19.947,1.57,-0.54,-0.59,1.76
19.957,1.7,-0.5,-0.6,1.87
19.967,1.85,-0.45,-0.64,2.0
19.977,1.99,-0.4,-0.65,2.13
19.987,2.13,-0.34,-0.63,2.25
19.997,2.26,-0.28,-0.61,2.36
20.007,2.4,-0.24,-0.55,2.47
20.017,2.5,-0.24,-0.5,2.56
20.027,2.6,-0.29,-0.44,2.66
20.037,2.71,-0.26,-0.41,2.75
20.047,2.78,-0.16,-0.38,2.81
20.057,2.84,-0.09,-0.36,2.87
20.067,2.91,-0.04,-0.35,2.93
20.077,2.95,0.04,-0.37,2.97
20.087,2.99,0.12,-0.35,3.02
20.097,3.01,0.16,-0.34,3.04
20.106,3.04,0.18,-0.31,3.06
20.117,3.04,0.16,-0.28,3.05
20.126,3.04,0.17,-0.22,3.05
20.137,3.02,0.22,-0.16,3.03
20.146,2.96,0.19,-0.1,2.96
20.156,2.91,0.11,-0.04,2.91
20.166,2.81,0.04,-0.02,2.81
20.176,2.72,0.01,-0.0,2.72
20.186,2.64,0.05,-0.01,2.64
20.196,2.52,0.11,-0.02,2.53
20.206,2.39,0.09,-0.01,2.39
20.216,2.27,0.03,-0.0,2.27
20.226,2.14,-0.08,0.01,2.14
20.236,1.99,-0.23,0.05,2.01
20.246,1.84,-0.35,0.08,1.87
20.256,1.67,-0.44,0.1,1.74
20.266,1.49,-0.53,0.11,1.59
20.276,1.32,-0.59,0.11,1.45
20.286,1.11,-0.69,0.12,1.31
20.296,0.89,-0.73,0.11,1.16
20.306,0.7,-0.71,0.11,1.01
20.316,0.49,-0.66,0.08,0.82
20.326,0.29,-0.6,0.12,0.68
20.336,0.12,-0.5,0.16,0.54
20.346,-0.08,-0.48,0.21,0.53
20.356,-0.26,-0.57,0.25,0.68
20.366,-0.45,-0.62,0.31,0.83
20.376,-0.63,-0.54,0.36,0.9
20.385,-0.79,-0.42,0.36,0.96
20.395,-0.99,-0.42,0.38,1.14
20.405,-1.16,-0.53,0.37,1.33
20.415,-1.32,-0.62,0.39,1.51
20.425,-1.49,-0.65,0.39,1.67
20.435,-1.62,-0.58,0.38,1.76
20.445,-1.75,-0.52,0.37,1.87
20.455,-1.9,-0.61,0.38,2.03
20.465,-2.02,-0.63,0.36,2.15
20.475,-2.15,-0.69,0.35,2.29
20.485,-2.26,-0.78,0.37,2.42
20.495,-2.36,-0.82,0.38,2.52
20.505,-2.44,-0.83,0.39,2.61
20.515,-2.5,-0.79,0.42,2.65
20.525,-2.55,-0.72,0.43,2.69
20.535,-2.59,-0.69,0.41,2.71
20.545,-2.62,-0.58,0.41,2.72
20.555,-2.63,-0.45,0.43,2.7
20.565,-2.66,-0.37,0.45,2.72
20.575,-2.66,-0.32,0.46,2.71
20.585,-2.65,-0.29,0.51,2.72
20.595,-2.65,-0.27,0.56,2.72
20.604,-2.62,-0.31,0.6,2.7
20.615,-2.56,-0.32,0.62,2.65
20.624,-2.49,-0.26,0.64,2.58
20.635,-2.4,-0.16,0.63,2.49
20.644,-2.32,-0.08,0.6,2.4
20.654,-2.22,-0.1,0.58,2.3
20.664,-2.12,-0.06,0.53,2.19
20.674,-2.0,-0.08,0.53,2.07
20.684,-1.89,-0.18,0.52,1.97
20.694,-1.79,-0.26,0.48,1.87
20.704,-1.68,-0.31,0.42,1.76
20.714,-1.57,-0.36,0.37,1.65
20.724,-1.47,-0.3,0.3,1.53
20.734,-1.35,-0.32,0.24,1.41
20.744,-1.23,-0.45,0.22,1.32
20.754,-1.09,-0.62,0.21,1.27
20.764,-0.92,-0.71,0.18,1.17
20.774,-0.73,-0.75,0.12,1.06
20.784,-0.51,-0.74,0.06,0.9
20.794,-0.31,-0.73,-0.0,0.79
20.804,-0.09,-0.76,-0.05,0.77
20.814,0.12,-0.7,-0.12,0.72
20.823,0.32,-0.63,-0.17,0.73
20.834,0.5,-0.6,-0.24,0.81
20.843,0.67,-0.6,-0.31,0.95
20.853,0.85,-0.57,-0.39,1.1
20.863,1.02,-0.49,-0.47,1.23
20.873,1.23,-0.42,-0.5,1.4
20.883,1.44,-0.38,-0.52,1.58
20.893,1.65,-0.34,-0.51,1.76
20.903,1.82,-0.25,-0.53,1.92
20.913,2.0,-0.27,-0.52,2.08
20.923,2.14,-0.32,-0.53,2.22
20.933,2.24,-0.23,-0.57,2.33
20.943,2.36,-0.14,-0.61,2.44
20.953,2.44,-0.07,-0.67,2.53
20.963,2.51,0.01,-0.7,2.61
20.973,2.59,0.01,-0.71,2.68
20.983,2.64,-0.07,-0.71,2.73
20.993,2.68,-0.12,-0.71,2.77
21.003,2.7,-0.13,-0.69,2.79
21.013,2.7,-0.14,-0.7,2.8
21.023,2.68,-0.13,-0.68,2.76
21.033,2.63,-0.07,-0.66,2.71
21.043,2.62,-0.03,-0.65,2.7
21.053,2.61,0.01,-0.58,2.67
21.063,2.58,0.01,-0.5,2.63
21.073,2.54,-0.02,-0.43,2.58
21.083,2.5,0.0,-0.36,2.52
21.093,2.46,0.05,-0.31,2.48
21.102,2.42,0.06,-0.25,2.43
21.112,2.35,0.03,-0.19,2.36
21.122,2.27,-0.08,-0.15,2.28
21.132,2.16,-0.14,-0.11,2.16
21.142,2.06,-0.12,-0.07,2.07
21.152,1.93,-0.11,-0.07,1.94
21.162,1.78,-0.15,-0.05,1.79
21.172,1.61,-0.22,-0.0,1.62
21.182,1.46,-0.31,0.05,1.5
21.192,1.31,-0.39,0.07,1.37
21.202,1.15,-0.44,0.11,1.24
21.212,0.99,-0.46,0.12,1.1
21.222,0.82,-0.53,0.15,0.99
21.232,0.64,-0.57,0.18,0.88
21.242,0.47,-0.58,0.2,0.78
21.252,0.29,-0.58,0.21,0.68
21.262,0.12,-0.6,0.22,0.65
21.272,-0.06,-0.58,0.22,0.62
21.282,-0.22,-0.55,0.24,0.64
21.292,-0.4,-0.58,0.25,0.75
21.302,-0.56,-0.55,0.31,0.84
21.312,-0.69,-0.51,0.35,0.93
21.322,-0.8,-0.54,0.43,1.06
21.332,-0.91,-0.54,0.47,1.16
21.341,-1.03,-0.45,0.54,1.25
21.352,-1.17,-0.39,0.58,1.36
21.361,-1.29,-0.36,0.63,1.48
21.371,-1.43,-0.27,0.65,1.59
21.381,-1.57,-0.24,0.64,1.71
21.391,-1.71,-0.3,0.65,1.85
21.401,-1.82,-0.31,0.64,1.96
21.411,-1.92,-0.27,0.63,2.04
21.421,-2.01,-0.32,0.67,2.14
21.431,-2.07,-0.34,0.68,2.2
21.441,-2.11,-0.36,0.72,2.25
21.451,-2.13,-0.35,0.75,2.29
21.461,-2.16,-0.27,0.75,2.3
21.471,-2.19,-0.26,0.75,2.33
21.481,-2.21,-0.3,0.74,2.35
21.491,-2.22,-0.24,0.7,2.34
21.501,-2.21,-0.25,0.68,2.32
21.511,-2.17,-0.21,0.68,2.29
21.521,-2.15,-0.14,0.69,2.26
21.531,-2.14,-0.15,0.68,2.25
21.54,-2.1,-0.2,0.65,2.21
21.551,-2.08,-0.34,0.64,2.2
21.56,-2.03,-0.33,0.6,2.14
21.571,-1.97,-0.31,0.56,2.07
21.581,-1.93,-0.4,0.5,2.03
21.59,-1.87,-0.39,0.42,1.96
21.6,-1.78,-0.3,0.37,1.84
21.61,-1.7,-0.26,0.31,1.75
21.62,-1.62,-0.21,0.25,1.65
21.63,-1.54,-0.24,0.2,1.57
21.64,-1.46,-0.27,0.16,1.49
21.65,-1.38,-0.31,0.12,1.42
21.66,-1.27,-0.31,0.06,1.31
21.67,-1.19,-0.31,0.02,1.23
21.68,-1.05,-0.38,-0.02,1.12
21.69,-0.94,-0.48,-0.07,1.06
21.7,-0.79,-0.42,-0.1,0.9
21.71,-0.66,-0.33,-0.14,0.75
21.72,-0.52,-0.37,-0.17,0.66
21.73,-0.39,-0.43,-0.21,0.62
21.74,-0.28,-0.45,-0.28,0.59
21.75,-0.17,-0.39,-0.31,0.53
21.76,-0.03,-0.32,-0.37,0.49
21.77,0.08,-0.36,-0.38,0.53
21.78,0.23,-0.43,-0.4,0.63
21.79,0.35,-0.46,-0.42,0.72
21.8,0.49,-0.43,-0.44,0.78
21.81,0.62,-0.37,-0.46,0.85
21.82,0.73,-0.3,-0.48,0.92
21.829,0.82,-0.14,-0.5,0.97
21.839,0.88,-0.13,-0.53,1.03
21.849,0.92,-0.15,-0.55,1.09
21.859,0.98,-0.11,-0.56,1.13
21.869,1.03,-0.09,-0.56,1.18
21.879,1.13,-0.09,-0.57,1.26
21.89,1.21,-0.07,-0.56,1.33
21.899,1.28,-0.03,-0.53,1.39
21.909,1.34,0.17,-0.52,1.45
21.919,1.4,0.3,-0.46,1.51
21.929,1.45,0.18,-0.4,1.51
21.939,1.48,0.03,-0.37,1.53
21.949,1.49,0.05,-0.37,1.54
21.959,1.49,0.09,-0.4,1.55
21.969,1.47,0.01,-0.47,1.54
21.979,1.44,-0.03,-0.54,1.54
21.989,1.42,0.07,-0.59,1.54
21.999,1.42,0.11,-0.64,1.56
22.009,1.39,0.11,-0.63,1.53
22.019,1.36,0.04,-0.61,1.49
22.029,1.29,0.07,-0.56,1.4
22.039,1.21,0.13,-0.51,1.32
22.049,1.13,0.13,-0.5,1.24
22.058,1.04,0.16,-0.46,1.15
22.069,0.98,0.24,-0.44,1.1
22.078,0.94,0.3,-0.42,1.07
22.088,0.9,0.3,-0.41,1.03
22.098,0.85,0.34,-0.39,0.99
22.108,0.78,0.35,-0.4,0.94
22.118,0.73,0.31,-0.39,0.88
22.128,0.66,0.3,-0.39,0.82
22.138,0.61,0.25,-0.4,0.77
22.148,0.55,0.25,-0.41,0.73
22.158,0.5,0.21,-0.41,0.68
22.168,0.46,0.24,-0.43,0.67
22.178,0.44,0.37,-0.41,0.7
22.188,0.41,0.35,-0.36,0.65
22.198,0.36,0.23,-0.33,0.55
22.208,0.33,0.15,-0.28,0.46
22.218,0.33,0.04,-0.22,0.4
22.228,0.29,-0.1,-0.16,0.35
22.238,0.26,-0.16,-0.11,0.33
22.248,0.24,-0.2,-0.07,0.32
22.257,0.21,-0.29,-0.03,0.35
22.268,0.18,-0.28,0.02,0.34
22.277,0.17,-0.29,0.05,0.34
22.288,0.13,-0.38,0.1,0.41
22.298,0.09,-0.4,0.12,0.42
22.307,0.05,-0.37,0.17,0.41
22.317,-0.01,-0.35,0.19,0.4
22.327,-0.06,-0.29,0.23,0.37
22.337,-0.08,-0.2,0.29,0.36
22.347,-0.12,-0.18,0.35,0.41
22.357,-0.12,-0.14,0.42,0.46
22.367,-0.13,-0.21,0.49,0.54
22.377,-0.12,-0.25,0.54,0.61
22.387,-0.14,-0.19,0.57,0.62
22.397,-0.12,-0.09,0.59,0.61
22.407,-0.13,-0.03,0.62,0.63
22.417,-0.14,-0.04,0.62,0.63
22.427,-0.14,-0.03,0.63,0.64
22.437,-0.1,0.03,0.65,0.65
22.447,-0.09,0.01,0.64,0.65
22.457,-0.06,-0.02,0.64,0.65
22.467,-0.03,-0.05,0.67,0.67
22.477,-0.02,-0.11,0.67,0.68
22.487,0.01,-0.15,0.68,0.69
22.497,0.01,-0.28,0.67,0.72
22.507,0.01,-0.38,0.66,0.76
22.517,0.01,-0.4,0.63,0.75
22.527,0.02,-0.35,0.59,0.69
22.536,0.0,-0.26,0.55,0.61
22.547,-0.02,-0.15,0.53,0.55
22.556,-0.05,-0.14,0.53,0.55
22.566,-0.08,-0.21,0.53,0.57
22.576,-0.11,-0.22,0.52,0.58
22.586,-0.12,-0.13,0.51,0.54
22.596,-0.13,-0.09,0.5,0.52
22.607,-0.11,-0.08,0.48,0.5
22.616,-0.12,-0.04,0.46,0.47
22.626,-0.11,-0.03,0.43,0.44
22.636,-0.07,-0.01,0.4,0.41
22.646,-0.03,0.01,0.35,0.35
22.656,0.01,0.03,0.3,0.31
22.666,0.01,0.04,0.27,0.28
22.676,0.04,0.02,0.21,0.22
22.686,0.02,-0.01,0.15,0.15
22.696,0.02,0.01,0.1,0.1
22.706,0.0,0.04,0.08,0.09
22.716,-0.04,0.03,0.06,0.07
22.726,-0.06,0.02,0.02,0.06
22.736,-0.09,-0.03,-0.0,0.1
22.746,-0.12,-0.1,-0.02,0.16
22.756,-0.13,-0.11,-0.07,0.19
22.766,-0.14,-0.08,-0.1,0.19
22.775,-0.12,-0.08,-0.16,0.22
22.785,-0.12,-0.1,-0.21,0.26
22.795,-0.09,-0.06,-0.25,0.28
22.805,-0.06,-0.06,-0.29,0.3
22.815,-0.02,-0.09,-0.31,0.32
22.825,0.01,-0.12,-0.32,0.34
22.835,0.05,-0.17,-0.34,0.38
22.845,0.08,-0.13,-0.33,0.37
22.855,0.1,-0.0,-0.36,0.37
22.865,0.1,0.1,-0.38,0.41
22.875,0.1,0.14,-0.38,0.42
22.885,0.08,0.17,-0.38,0.42
22.895,0.07,0.15,-0.37,0.41
22.905,0.05,0.13,-0.37,0.4
22.915,0.05,0.15,-0.37,0.4
22.925,0.04,0.19,-0.35,0.4
22.935,0.04,0.15,-0.33,0.36
22.945,0.03,0.07,-0.34,0.35
22.955,0.03,0.01,-0.35,0.35
22.965,0.01,-0.06,-0.37,0.38
22.975,0.01,-0.08,-0.41,0.42
22.985,0.03,-0.08,-0.44,0.44
22.994,0.06,-0.08,-0.45,0.46
23.005,0.05,-0.05,-0.48,0.48
23.014,0.04,-0.06,-0.49,0.49
23.024,0.04,-0.06,-0.48,0.48
23.034,0.02,-0.07,-0.48,0.49
23.044,-0.01,-0.05,-0.49,0.49
23.054,-0.04,-0.02,-0.48,0.49
23.064,-0.07,0.04,-0.45,0.46
23.074,-0.1,0.04,-0.41,0.43
23.084,-0.13,-0.0,-0.22,0.26
23.094,-0.1,-0.05,-0.1,0.15
23.104,-0.07,0.02,-0.21,0.23
23.114,-0.03,0.08,-0.29,0.3
23.124,0.01,0.14,-0.4,0.42
23.134,0.02,0.14,-0.45,0.47
23.144,0.04,0.06,-0.46,0.46
23.154,0.05,-0.01,-0.44,0.44
23.164,0.08,0.0,-0.37,0.38
23.174,0.11,-0.01,-0.24,0.26
